/*
SQLyog Ultimate v11.11 (64 bit)
MySQL - 5.6.39-83.1 : Database - cw66541_test1
*********************************************************************
*/

/*!40101 SET NAMES utf8 */;

/*!40101 SET SQL_MODE=''*/;

/*!40014 SET @OLD_UNIQUE_CHECKS=@@UNIQUE_CHECKS, UNIQUE_CHECKS=0 */;
/*!40014 SET @OLD_FOREIGN_KEY_CHECKS=@@FOREIGN_KEY_CHECKS, FOREIGN_KEY_CHECKS=0 */;
/*!40101 SET @OLD_SQL_MODE=@@SQL_MODE, SQL_MODE='NO_AUTO_VALUE_ON_ZERO' */;
/*!40111 SET @OLD_SQL_NOTES=@@SQL_NOTES, SQL_NOTES=0 */;
/*Table structure for table `go_discounts_settings` */

CREATE TABLE `go_discounts_settings` (
  `id` int(10) unsigned NOT NULL AUTO_INCREMENT,
  `min_items` int(5) unsigned NOT NULL,
  `min_price` int(10) unsigned NOT NULL,
  `discount` smallint(5) unsigned NOT NULL,
  PRIMARY KEY (`id`),
  KEY `discount` (`discount`)
) ENGINE=InnoDB AUTO_INCREMENT=4 DEFAULT CHARSET=utf8;

/*Data for the table `go_discounts_settings` */

insert  into `go_discounts_settings`(`id`,`min_items`,`min_price`,`discount`) values (1,3,440000,5),(2,3,600000,10),(3,3,800000,15);

/*Table structure for table `go_orders` */

CREATE TABLE `go_orders` (
  `id` int(10) unsigned NOT NULL AUTO_INCREMENT,
  `phone_id` int(10) unsigned NOT NULL,
  `sum` int(10) unsigned NOT NULL,
  `data` text NOT NULL,
  `source` varchar(100) DEFAULT NULL,
  `when` datetime NOT NULL,
  `is_sms_sent` tinyint(1) unsigned NOT NULL DEFAULT '0',
  PRIMARY KEY (`id`),
  KEY `phone_id` (`phone_id`),
  KEY `source` (`source`),
  KEY `is_sms_sent` (`is_sms_sent`),
  CONSTRAINT `go_orders_ibfk_1` FOREIGN KEY (`phone_id`) REFERENCES `go_phones` (`id`) ON DELETE CASCADE
) ENGINE=InnoDB DEFAULT CHARSET=utf8;

/*Data for the table `go_orders` */

/*Table structure for table `go_phones` */

CREATE TABLE `go_phones` (
  `phone` varchar(255) NOT NULL,
  `name` varchar(255) DEFAULT NULL,
  `id` int(10) unsigned NOT NULL AUTO_INCREMENT,
  `promo_code` varchar(255) DEFAULT NULL,
  `discount` smallint(3) unsigned NOT NULL DEFAULT '25',
  `oneTime` int(1) NOT NULL DEFAULT '0',
  `used` int(1) NOT NULL DEFAULT '0',
  PRIMARY KEY (`id`),
  UNIQUE KEY `phone` (`phone`),
  KEY `promo_code` (`promo_code`)
) ENGINE=InnoDB AUTO_INCREMENT=4948 DEFAULT CHARSET=utf8;

/*Data for the table `go_phones` */

insert  into `go_phones`(`phone`,`name`,`id`,`promo_code`,`discount`,`oneTime`,`used`) values ('2019',NULL,4820,'2019',25,0,1),('S021201',NULL,4848,'S021201',25,0,0),('S021202',NULL,4849,'S021202',25,0,0),('S021203',NULL,4850,'S021203',25,0,0),('S021204',NULL,4851,'S021204',25,0,0),('S021205',NULL,4852,'S021205',25,0,0),('S021206',NULL,4853,'S021206',25,0,0),('S021207',NULL,4854,'S021207',25,0,0),('S021208',NULL,4855,'S021208',25,0,0),('S021209',NULL,4856,'S021209',25,0,0),('S021210',NULL,4857,'S021210',25,0,0),('S021211',NULL,4858,'S021211',25,0,0),('S021212',NULL,4859,'S021212',25,0,0),('S021213',NULL,4860,'S021213',25,0,0),('S021214',NULL,4861,'S021214',25,0,0),('S021215',NULL,4862,'S021215',25,0,0),('S021216',NULL,4863,'S021216',25,0,0),('S021217',NULL,4864,'S021217',25,0,0),('S021218',NULL,4865,'S021218',25,0,0),('S021219',NULL,4866,'S021219',25,0,0),('S021220',NULL,4867,'S021220',25,0,0),('S021221',NULL,4868,'S021221',25,0,0),('S021222',NULL,4869,'S021222',25,0,0),('S021223',NULL,4870,'S021223',25,0,0),('S021224',NULL,4871,'S021224',25,0,0),('S021225',NULL,4872,'S021225',25,0,0),('S021226',NULL,4873,'S021226',25,0,0),('S021227',NULL,4874,'S021227',25,0,0),('S021228',NULL,4875,'S021228',25,0,0),('S021229',NULL,4876,'S021229',25,0,0),('S021230',NULL,4877,'S021230',25,0,0),('S021231',NULL,4878,'S021231',25,0,0),('S021232',NULL,4879,'S021232',25,0,0),('S021233',NULL,4880,'S021233',25,0,0),('S021234',NULL,4881,'S021234',25,0,0),('S021235',NULL,4882,'S021235',25,0,0),('S021236',NULL,4883,'S021236',25,0,0),('S021237',NULL,4884,'S021237',25,0,0),('S021238',NULL,4885,'S021238',25,0,0),('S021239',NULL,4886,'S021239',25,0,0),('S021240',NULL,4887,'S021240',25,0,0),('S021241',NULL,4888,'S021241',25,0,0),('S021242',NULL,4889,'S021242',25,0,0),('S021243',NULL,4890,'S021243',25,0,0),('S021244',NULL,4891,'S021244',25,0,0),('S021245',NULL,4892,'S021245',25,0,0),('S021246',NULL,4893,'S021246',25,0,0),('S021247',NULL,4894,'S021247',25,0,0),('S021248',NULL,4895,'S021248',25,0,0),('S021249',NULL,4896,'S021249',25,0,0),('S021250',NULL,4897,'S021250',25,0,0),('S021251',NULL,4898,'S021251',25,0,0),('S021252',NULL,4899,'S021252',25,0,0),('S021253',NULL,4900,'S021253',25,0,0),('S021254',NULL,4901,'S021254',25,0,0),('S021255',NULL,4902,'S021255',25,0,0),('S021256',NULL,4903,'S021256',25,0,0),('S021257',NULL,4904,'S021257',25,0,0),('S021258',NULL,4905,'S021258',25,0,0),('S021259',NULL,4906,'S021259',25,0,0),('S021260',NULL,4907,'S021260',25,0,0),('S021261',NULL,4908,'S021261',25,0,0),('S021262',NULL,4909,'S021262',25,0,0),('S021263',NULL,4910,'S021263',25,0,0),('S021264',NULL,4911,'S021264',25,0,0),('S021265',NULL,4912,'S021265',25,0,0),('S021266',NULL,4913,'S021266',25,0,0),('S021267',NULL,4914,'S021267',25,0,0),('S021268',NULL,4915,'S021268',25,0,0),('S021269',NULL,4916,'S021269',25,0,0),('S021270',NULL,4917,'S021270',25,0,0),('S021271',NULL,4918,'S021271',25,0,0),('S021272',NULL,4919,'S021272',25,0,0),('S021273',NULL,4920,'S021273',25,0,0),('S021274',NULL,4921,'S021274',25,0,0),('S021275',NULL,4922,'S021275',25,0,0),('S021276',NULL,4923,'S021276',25,0,0),('S021277',NULL,4924,'S021277',25,0,0),('S021278',NULL,4925,'S021278',25,0,0),('S021279',NULL,4926,'S021279',25,0,0),('S021280',NULL,4927,'S021280',25,0,0),('S021281',NULL,4928,'S021281',25,0,0),('S021282',NULL,4929,'S021282',25,0,0),('S021283',NULL,4930,'S021283',25,0,0),('S021284',NULL,4931,'S021284',25,0,0),('S021285',NULL,4932,'S021285',25,0,0),('S021286',NULL,4933,'S021286',25,0,0),('S021287',NULL,4934,'S021287',25,0,0),('S021288',NULL,4935,'S021288',25,0,0),('S021289',NULL,4936,'S021289',25,0,0),('S021290',NULL,4937,'S021290',25,0,0),('S021291',NULL,4938,'S021291',25,0,0),('S021292',NULL,4939,'S021292',25,0,0),('S021293',NULL,4940,'S021293',25,0,0),('S021294',NULL,4941,'S021294',25,0,0),('S021295',NULL,4942,'S021295',25,0,0),('S021296',NULL,4943,'S021296',25,0,0),('S021297',NULL,4944,'S021297',25,0,0),('S021298',NULL,4945,'S021298',25,0,0),('S021299',NULL,4946,'S021299',25,0,0),('DANA2020',NULL,4947,'DANA2020',25,0,0);

/*Table structure for table `site_admins` */

CREATE TABLE `site_admins` (
  `id` int(10) unsigned NOT NULL AUTO_INCREMENT,
  `login` varchar(100) CHARACTER SET utf8 NOT NULL,
  `password` varchar(100) CHARACTER SET utf8 NOT NULL,
  `email` varchar(200) CHARACTER SET utf8 NOT NULL,
  `type` tinyint(1) unsigned NOT NULL DEFAULT '0',
  PRIMARY KEY (`id`),
  UNIQUE KEY `login` (`login`)
) ENGINE=MyISAM AUTO_INCREMENT=2 DEFAULT CHARSET=latin1;

/*Data for the table `site_admins` */

insert  into `site_admins`(`id`,`login`,`password`,`email`,`type`) values (1,'admin','08316297c3d3f14f794350253c97ef83','aaa@localhost',0);

/*Table structure for table `site_categories` */

CREATE TABLE `site_categories` (
  `id` int(10) unsigned NOT NULL AUTO_INCREMENT,
  `uri` varchar(100) CHARACTER SET utf8 DEFAULT NULL,
  `header` varchar(255) CHARACTER SET utf8 DEFAULT NULL,
  `text` text CHARACTER SET utf8,
  `visible` tinyint(1) unsigned NOT NULL DEFAULT '0',
  `update_time` datetime NOT NULL,
  `order` int(10) unsigned NOT NULL DEFAULT '999',
  `pid` int(10) unsigned NOT NULL,
  `meta_kw` text CHARACTER SET utf8,
  `meta_descr` text CHARACTER SET utf8,
  `html_title` varchar(255) CHARACTER SET utf8 DEFAULT NULL,
  `upper_text` text CHARACTER SET utf8 COMMENT 'текст сверху',
  `image` varchar(255) CHARACTER SET utf8 DEFAULT NULL COMMENT 'картинка категории',
  PRIMARY KEY (`id`),
  UNIQUE KEY `uri` (`uri`),
  KEY `pid_visible_order` (`visible`,`order`,`pid`)
) ENGINE=InnoDB AUTO_INCREMENT=66 DEFAULT CHARSET=latin1;

/*Data for the table `site_categories` */

insert  into `site_categories`(`id`,`uri`,`header`,`text`,`visible`,`update_time`,`order`,`pid`,`meta_kw`,`meta_descr`,`html_title`,`upper_text`,`image`) values (50,'malye','МАЛЫЕ САЛЮТЫ','',1,'2019-12-01 17:28:09',1,0,'малые, батареи, салютов, купить, минск','Малые батареи салютов - прекрасные пиротехнические изделия для развлечения или начала фейерверка. Большое количество разновидностей, низкая цена, интересно и весело  - малые батареи пользуются заслуженной любовью у наших покупателей!','Малые салюты купить в Минске - piro.by','<h1>\r\n	Малые салюты</h1>\r\n',NULL),(51,'srednie','СРЕДНИЕ САЛЮТЫ','',1,'2019-12-01 17:28:01',2,0,'батареи, салютов, средние, минск, купить','Средние батареи салютов купить в Минске. Среднего размера, но довольно красивые и интересные фейерверки.','Средние салюты купить в Минске - piro.by','<h1>\r\n	Средние салюты</h1>\r\n',NULL),(52,'bolshie','БОЛЬШИЕ САЛЮТЫ','',1,'2019-12-01 17:27:53',2,0,'большие, батареи, салютов, купить, минск','Большие батареи салютов - самые популярные для любого праздника! И Новый Год, и день рождения, и свадьба - всё украсят и сделают торжественным )','Большие фейерверки купить в Минске - piro.by','<h1>\r\n	Большие салюты</h1>\r\n',NULL),(53,'super','СУПЕР САЛЮТЫ','',1,'2019-12-01 17:27:37',3,0,'супер, батареи, салютов, минск, купить','Большие, дорогие салюты на много залпов. Подходят для любого праздника. ','Супер фейерверки купить в Минске - piro.by','<h1>\r\n	Супер салюты</h1>\r\n',NULL),(54,'rimskie-svechi','РИМСКИЕ СВЕЧИ','',1,'2019-12-01 17:27:25',4,0,'','Купить римские свечи в Минске. Римские свечи представляют собой фейерверк в виде трубки с различным калибром и количеством залпов.','Римские свечи купить в Минске - piro.by','<h1>\r\n	Римские свечи</h1>\r\n',NULL),(56,'fontany','ФОНТАНЫ','',1,'2019-12-01 17:27:03',6,0,'фонтаны, фонтан, фейерверк, минск, купить, магазин','Фейерверк - фонтан купить в Минске.\r\nВид наземных фейерверков, выбрасывающий разноцветные искры на различную высоту и с разной продолжительностью по времени. ','Наземные фейерверки-фонтаны купить в Минске - piro.by','<h1>\r\n	Фонтаны</h1>\r\n',NULL),(62,'rakety','РАКЕТЫ','',1,'2019-12-01 17:26:51',7,0,'','Ракеты - очень популярный вид фейерверков купить в Минске','Фейерверки ракеты купить в Минске - piro.by','<h1>\r\n	Ракеты</h1>\r\n',NULL),(64,'petardy','ПЕТАРДЫ','',1,'2019-12-01 17:26:22',8,0,'шутихи, петарды, бенгальские огни, тортовые свечи.','Купить петарды, бенгальские огни, тортовые свечи, хлопушки в Минске различных видов по самой низкой цене!','Купить петарды, бенгальские огни, тортовые свечи, хлопушки в Минске - piro.by','<h1>\r\n	Петарды, бенгальские огни, тортовые свечи, хлопушки</h1>\r\n',NULL);

/*Table structure for table `site_items` */

CREATE TABLE `site_items` (
  `id` int(10) unsigned NOT NULL AUTO_INCREMENT,
  `unicode` varchar(100) DEFAULT NULL COMMENT 'уник.код',
  `header` varchar(255) NOT NULL,
  `artikul` varchar(255) DEFAULT NULL,
  `visible` tinyint(1) unsigned NOT NULL DEFAULT '0',
  `order` int(10) unsigned NOT NULL DEFAULT '999',
  `catid` int(10) unsigned DEFAULT NULL,
  `image` varchar(255) DEFAULT NULL COMMENT 'изображение малое',
  `imagebig` varchar(255) DEFAULT NULL COMMENT 'изображение большое',
  `upper_text` varchar(255) DEFAULT NULL,
  `uri` varchar(100) NOT NULL,
  `text` text,
  `shorttext` text,
  `meta_kw` text,
  `meta_descr` text,
  `html_title` varchar(500) DEFAULT NULL,
  `height` mediumint(3) unsigned DEFAULT NULL,
  `worktime` mediumint(3) unsigned DEFAULT NULL COMMENT 'время работы',
  `caliber` mediumint(3) unsigned DEFAULT NULL COMMENT 'калибр',
  `zalps` mediumint(3) unsigned DEFAULT NULL COMMENT 'кол-во залпов',
  `price` float unsigned DEFAULT NULL COMMENT 'новая цена',
  `oldprice` float unsigned DEFAULT NULL COMMENT 'старая цена',
  `newprice` float unsigned DEFAULT NULL COMMENT 'не используется?',
  `promo_price` float unsigned DEFAULT NULL COMMENT 'цена по промо-коду',
  `dimensions` varchar(30) DEFAULT NULL,
  `ishit` tinyint(1) unsigned NOT NULL DEFAULT '0' COMMENT 'хит?',
  `isbonus` tinyint(1) unsigned NOT NULL DEFAULT '0' COMMENT 'бонус?',
  `isrecommended` tinyint(1) unsigned NOT NULL DEFAULT '0' COMMENT 'рекомендовано?',
  `showonindex` tinyint(1) unsigned NOT NULL DEFAULT '0' COMMENT 'выводить на главной?',
  `videocode` text COMMENT 'код для видео',
  `videocode2` text COMMENT 'embed для видео',
  `rating` decimal(3,2) unsigned DEFAULT NULL,
  PRIMARY KEY (`id`),
  UNIQUE KEY `uri` (`uri`),
  UNIQUE KEY `unicode` (`unicode`),
  KEY `catid_order_visible` (`catid`,`order`,`visible`),
  KEY `showonindex_visible` (`showonindex`,`visible`),
  KEY `uri_visible` (`uri`,`visible`),
  CONSTRAINT `site_items_ibfk_1` FOREIGN KEY (`catid`) REFERENCES `site_categories` (`id`) ON DELETE CASCADE ON UPDATE CASCADE
) ENGINE=InnoDB AUTO_INCREMENT=251 DEFAULT CHARSET=utf8;

/*Data for the table `site_items` */

insert  into `site_items`(`id`,`unicode`,`header`,`artikul`,`visible`,`order`,`catid`,`image`,`imagebig`,`upper_text`,`uri`,`text`,`shorttext`,`meta_kw`,`meta_descr`,`html_title`,`height`,`worktime`,`caliber`,`zalps`,`price`,`oldprice`,`newprice`,`promo_price`,`dimensions`,`ishit`,`isbonus`,`isrecommended`,`showonindex`,`videocode`,`videocode2`,`rating`) values (5,'GW218-89','Balet','GW218-89',1,50,50,'/media/GW218-89.jpg',NULL,'','GW218-89','<p>\r\n	2-х метровый фонтан и 11 золотых трещащих комет вылетающих на высоту до 7 метров!</p>\r\n','2-х метровый фонтан и 11 золотых трещащих комет вылетающих на высоту до 7 метров','','2-х метровый фонтан и 11 золотых трещащих комет вылетающих на высоту до 7 метров','Батарея салютов на 11 залпов Balet GW218-89 купить в Минске',7,30,20,11,5,5,NULL,3.5,'',0,0,0,0,'https://www.youtube.com/watch?v=f3D0tv31pS8','<iframe width=\"560\" height=\"315\" src=\"https://www.youtube.com/embed/f3D0tv31pS8\" frameborder=\"0\" allow=\"accelerometer; autoplay; encrypted-media; gyroscope; picture-in-picture\" allowfullscreen></iframe>',NULL),(15,'0819-10','Silver Fountain','0819-10',1,200,56,'/media/GW0819-10.jpg',NULL,'','0819-10','<p>\r\n	Небольшой фонтан, работает около 30 секунд, высота до 2-х метров. В упаковке 10 штук. Цена за упаковку.</p>\r\n','Небольшой фонтан, работает около 30 секунд, высота до 2-х метров. В упаковке 10 штук. Цена за упаковку.','фонтан, минск, купить','Небольшой фонтан, работает около 30 секунд, высота до 2-х метров. В упаковке 10 штук. Цена за упаковку.','Фейерверк серебряный фонтан GW0819-10 купить в Минске',2,24,NULL,1,20,20,NULL,10,'',0,0,0,0,'http://www.youtube.com/watch?v=sUYcQo9aWE8','<center><iframe width=\"640\" height=\"360\" src=\"http://www.youtube.com/embed/sUYcQo9aWE8?rel=0\" frameborder=\"0\" allowfullscreen></iframe></center>',NULL),(16,'GP262','Beautiful fountain','GP262',1,350,56,'/media/GP262.jpg',NULL,'','GP262','<p>\r\n	Красивый фонтан - поток искр с треском высотой до 7 метров! Классная красочная концовка с треском, 2-х эффектная, длительное время работы - почти минута, подходит для любого праздника, особенно для свадьбы!</p>\r\n','Красивый фонтан - поток искр с треском высотой до 7 метров! Классная красочная концовка с треском, 2-х эффектная, длительное время работы - почти минута, подходит для любого праздника, особенно для свадьбы!','','Красивый фонтан - поток искр с треском высотой до 7 метров! Классная красочная концовка с треском, 2-х эффектная, длительное время работы - почти минута, подходит для любого праздника, особенно для свадьбы!','Фейерверк фонтан GP262 купить в Минске',7,50,18,1,35,35,NULL,23,'',0,0,0,0,'https://www.youtube.com/watch?v=HtudOah5VnQ','<iframe width=\"640\" height=\"360\" src=\"https://www.youtube-nocookie.com/embed/HtudOah5VnQ?rel=0\" frameborder=\"0\" allowfullscreen></iframe>',NULL),(35,'5030','Superblitz 6 штук','GWM5030',1,60,64,'/media/GWM5030.jpg',NULL,'','GWM5030','<p>\r\n	Суперблиц 2. Упаковка ракет без стабилизатора - 6 штук. Раскручивается на земле и с визгом и искрами взлетает вверх раскрываясь в небе салютом.</p>\r\n','Суперблиц 2. Упаковка ракет без стабилизатора - 6 штук. Раскручивается на земле и с визгом и искрами взлетает вверх раскрываясь в небе салютом.','Суперблиц 2 GWM5030 Superblitz II купить минск','Суперблиц 2. Упаковка ракет без стабилизатора - 6 штук. Раскручивается на земле и с визгом и искрами взлетает вверх раскрываясь в небе салютом.','Суперблиц 2 * GWM5030 * Superblitz II',30,5,30,6,6,6,NULL,4,'',0,0,0,0,'http://www.youtube.com/watch?v=FhBkbfW0b3A','<iframe width=\"640\" height=\"480\" src=\"//www.youtube.com/embed/FhBkbfW0b3A?rel=0\" frameborder=\"0\" allowfullscreen></iframe>',NULL),(49,'11307','Катюша 25 залпов','K1130C7',1,60,64,'/media/K1130C7.jpg',NULL,'','K1130C7','<p>\r\n	Катюша 25 выстрелов - свист, писк , треск ) И так 25 раз. 2 штуки в упаковке, цена за упаковку</p>\r\n','Катюша 25 выстрелов - свист, писк , треск ) И так 25 раз. 2 штуки в упаковке, цена за упаковку','','Катюша 25 выстрелов - свист, писк , треск ) И так 25 раз. 2 штуки в упаковке, цена за упаковку','Катюша 25 K1130C7 купить в Минске',7,30,4,25,6,6,NULL,3.6,'',0,0,0,0,'http://www.youtube.com/watch?v=cPwctLnN0U8','<iframe width=\"480\" height=\"360\" src=\"http://www.youtube.com/embed/cPwctLnN0U8?rel=0\" frameborder=\"0\" allowfullscreen></iframe>',NULL),(61,'MF00-100','Fontanna','MF00-100',1,140,56,'/media/MF001-100.jpg',NULL,'','MF00-100','<p>\r\n	Фейерверк-фонтан, высота пламени около 4-х метров, время работы 40 секунд.</p>\r\n','Фейерверк-фонтан, высота пламени около 4-х метров, время работы 40 секунд.','','Фейерверк фонтан MF00-100 купить в Минске. Высота пламени около 4-х метров, время работы 40 секунд.','Фейерверк фонтан MF00-100 купить в Минске - piro.by',4,40,NULL,1,14,14,NULL,11,'',0,0,0,0,'http://www.youtube.com/watch?v=VLIFtE5JpJU','<iframe width=\"500\" height=\"375\" src=\"//www.youtube.com/embed/VLIFtE5JpJU?rel=0\" frameborder=\"0\" allowfullscreen></iframe>',NULL),(64,'1001','Серебряная пиратка','P1001',0,250,64,'/media/p1001-srebrenapiratka_s.jpg',NULL,'','P1001','<p>\r\n	Громкая петарда шутиха с фитилём.</p>\r\n','Громкая петарда шутиха с фитилём.','Петарда шутиха Серебряная пиратка  P1001  Silver Piratka ','Петарда шутиха Серебряная пиратка  P1001  Silver Piratka купить в Минске','Петарда шутиха Серебряная пиратка P1001 купить в Минске',NULL,2,20,1,3,3,NULL,2,'',0,0,0,0,'https://www.youtube.com/watch?v=-CbSrmPOsLo','<iframe width=\"480\" height=\"360\" src=\"https://www.youtube.com/embed/-CbSrmPOsLo?rel=0&amp;showinfo=0\" frameborder=\"0\" allowfullscreen></iframe>',NULL),(73,'6106','Небесные ракеты II','GWR6106',1,150,62,'/media/GWR6106.jpg',NULL,'','GWR6106','<p>\r\n	Набор из 12 ракет 4-х различных эффектов.</p>\r\n','Набор из 12 ракет 4-х различных эффектов.','','Набор из 12 ракет 4-х различных эффектов. Небесные ракеты II * GWR6106 * Sky Rockets II','Небесные ракеты II GWR6106 купить в Минске',10,NULL,20,12,15,15,NULL,10,'',0,0,0,0,'','',NULL),(77,'P1000','Набор петард 36 штук','P1000',1,100,64,'/media/P1000.jpg',NULL,'','P1000','<p>\r\n	Набор шутих 36 штук. Эффект - громкий хлопок.</p>\r\n','Набор шутих 36 штук. Эффект - громкий хлопок.','','P1000 Набор шутих 36 штук. Эффект - громкий хлопок.','P1000 Набор петард 36 штук купить в Минске',NULL,1,NULL,36,10,10,NULL,7,'',0,0,0,0,'http://www.youtube.com/watch?v=wS5HQyWg8lU','<iframe width=\"640\" height=\"360\" src=\"http://www.youtube.com/embed/wS5HQyWg8lU?rel=0\" frameborder=\"0\" allowfullscreen></iframe>',NULL),(82,'0981','Бенгльские огни 70 см','0981',1,52,64,'/media/0981.jpg',NULL,'','0981','<p>\r\n	Бенгальские огни, длина 70 см, 3 штуки в упаковке, время горения 2 минуты. Цена за упаковку.</p>\r\n','Бенгальские огни, длина 70 см, 3 штуки в упаковке, время горения 2 минуты. Цена за упаковку.','','Бенгальские огни, длина 70 см, 3 штуки в упаковке, время горения 2 минуты. Цена за упаковку.','Бенгальские огни 70 см 0981 купить в Минске',NULL,120,NULL,3,5,5,NULL,2.5,'',0,0,0,0,'','',NULL),(83,'0978','Бенгальские огни 25 см ','0978',1,21,64,'/media/0978.jpg',NULL,'','0978','<p>\r\n	Бенгальские огни 25 см, 8 штук в упаковке. Цена за упаковку.</p>\r\n','Бенгальские огни 25 см, 8 штук в упаковке. Цена за упаковку.','','Бенгальские огни 25 см, 8 штук в упаковке. Цена за упаковку.','Бенгальские огни 25 см. 0978 купить в Минске',NULL,50,NULL,8,2,2,NULL,0.7,'',0,0,0,0,'https://www.youtube.com/watch?v=UzmWDotHqcU','<iframe width=\"480\" height=\"360\" src=\"https://www.youtube.com/embed/UzmWDotHqcU?rel=0&amp;showinfo=0\" frameborder=\"0\" allowfullscreen></iframe>',NULL),(84,'0977','Бенгальские огни 16 см ','0977',1,10,64,'/media/0977.jpg',NULL,'','0977','<p>\r\n	Классические бенгльские огни. 10 штук в упаковке. Цена за упаковку.</p>\r\n','Классические бенгльские огни. 10 штук в упаковке. Цена за упаковку.','','Классические бенгльские огни. 10 штук в упаковке. Артикул 0977','Бенгальские огни 16 см 0977 купить в Минске',NULL,30,NULL,1,1,1,NULL,0.3,'',0,0,0,0,'https://www.youtube.com/embed/CkoRMYQtHMU','<iframe width=\"640\" height=\"360\" src=\"https://www.youtube.com/embed/CkoRMYQtHMU?rel=0&amp;showinfo=0\" frameborder=\"0\" allowfullscreen></iframe>',NULL),(121,'GWT2542','Катюша 50 залпов','GWT2542',1,51,64,'/media/GWT2542.jpg',NULL,'','GWT2542','<p>\r\n	Свист, писк, треск! 50 залпов</p>\r\n','Свист, писк, треск! 50 залпов','','Свист, писк, треск! 50 залпов','Катюша 50 GWT2542 купить в Минске',7,25,5,50,6,6,NULL,4,'',0,0,0,0,'http://www.youtube.com/watch?v=cPwctLnN0U8','<iframe width=\"480\" height=\"360\" src=\"http://www.youtube.com/embed/cPwctLnN0U8?rel=0\" frameborder=\"0\" allowfullscreen></iframe>',NULL),(133,'3019','GENESI','GPH3019',1,400,51,'/media/GPH3019.jpg',NULL,'','GPH3019','<p>\r\n	Классная, яркая, с треском, с искрами, много эффектов, очень яркая концовка! 19 залпов, 35 секунд.</p>\r\n','Классная, яркая, с треском, с искрами, много эффектов, очень яркая концовка! 19 залпов, 35 секунд.','','Классная, яркая, с треском, с искрами, много эффектов, очень яркая концовка! 19 залпов, 35 секунд.','Фейерверк Genesi GPH3019 купить в Минске',30,30,25,19,40,40,NULL,28,'',1,0,1,0,'http://www.youtube.com/watch?v=zlDsPXKnwa4','<iframe width=\"480\" height=\"360\" src=\"https://www.youtube-nocookie.com/embed/zlDsPXKnwa4?rel=0\" frameborder=\"0\" allowfullscreen></iframe>',NULL),(158,'SB-49-02','TITANIUM II','SB-49-02',1,1400,52,'/media/SB-49-02.jpg',NULL,'','SB-49-02','<p>\r\n	Салютная установка на 49 выстрелов калибра 30 мм. с 6-ю эффектами длительностью 55 секунд.</p>\r\n','Салютная установка на 49 выстрелов калибра 30 мм. с 6-ю эффектами длительностью 55 секунд.','','Салютная установка на 49 выстрелов калибра 30 мм. с 6-ю эффектами длительностью 55 секунд.','Батарея салютов 49 залпов SB-49-02 купить в Минске',50,55,30,49,140,140,NULL,90,'',0,0,0,0,'https://www.youtube.com/embed/TQ6rtiB8GfU','<iframe width=\"853\" height=\"480\" src=\"https://www.youtube.com/embed/TQ6rtiB8GfU?rel=0&amp;controls=0&amp;showinfo=0\" frameborder=\"0\" allowfullscreen></iframe>',NULL),(170,'K0201','SUPER WARRIOR','K0201',1,20,64,'/media/K0201.jpg',NULL,'','K0201','<p>\r\n	Петарда тёрочная SUPER WARRIOR K0201 имеет малую мощность (по типу Корсар 1). Взрывается одиночным разрывом, создавая звуковой эффект. 60 шт. в упаковке.</p>\r\n','Петарда тёрочная SUPER WARRIOR K0201 имеет малую мощность (по типу Корсар 1). Взрывается одиночным разрывом, создавая звуковой эффект.\r\n','','Петарда тёрочная SUPER WARRIOR K0201 имеет малую мощность (по типу Корсар 1). Взрывается одиночным разрывом, создавая звуковой эффект.\r\n','Петарды K0201 купить в Минске',0,1,1,60,2,2,NULL,1,'',0,0,0,0,'https://www.youtube.com/watch?v=Iapovf_d_GU','<iframe width=\"560\" height=\"315\" src=\"https://www.youtube.com/embed/Iapovf_d_GU\" frameborder=\"0\" allow=\"accelerometer; autoplay; encrypted-media; gyroscope; picture-in-picture\" allowfullscreen></iframe>',NULL),(171,'K0202','MONSTER','K0202',1,20,64,'/media/K0202.jpg',NULL,'','K0202','<div>\r\n	Петарда тёрочная MONSTER K0202 малой мощности (по типу Корсар 2). Взрывается одиночным разрывом, создавая звуковой эффект.&nbsp;20 шт. в упаковке.</div>\r\n<div>\r\n	&nbsp;</div>\r\n','Петарда тёрочная MONSTER K0202 малой мощности (по типу Корсар 2). Взрывается одиночным разрывом, создавая звуковой эффект. 20 шт. в упаковке.\r\n','','Петарда тёрочная MONSTER K0202 малой мощности (по типу Корсар 2). Взрывается одиночным разрывом, создавая звуковой эффект.\r\n','Петарды MONSTER K0202 купить в Минске',0,1,1,20,2,2,NULL,1,'',0,0,0,0,'https://www.youtube.com/watch?v=QKVngcA1sR0','<iframe width=\"560\" height=\"315\" src=\"https://www.youtube.com/embed/QKVngcA1sR0\" frameborder=\"0\" allow=\"accelerometer; autoplay; encrypted-media; gyroscope; picture-in-picture\" allowfullscreen></iframe>',NULL),(172,'P1004','Бертолетовая соль','P1004',1,20,64,'/media/P1004.jpg',NULL,'','P1004','<div>\r\n	Бертолетовая соль&nbsp; &ndash; безобидное и веселое пиротехническое изделие для всех возрастов для шуток и шалостей. Веселая забава без огня и спичек.</div>\r\n<div>\r\n	&nbsp;</div>\r\n','Бертолетовая соль  – безобидное и веселое пиротехническое изделие для всех возрастов для шуток и шалостей. Веселая забава без огня и спичек.\r\n','','Бертолетовая соль  – безобидное и веселое пиротехническое изделие для всех возрастов для шуток и шалостей. Веселая забава без огня и спичек.\r\n','Петарды P1004 купить в Минске',0,1,1,50,2,2,NULL,1,'',0,0,0,0,'https://www.youtube.com/watch?v=MIe4x8JbIvQ','<iframe width=\"560\" height=\"315\" src=\"https://www.youtube.com/embed/MIe4x8JbIvQ\" frameborder=\"0\" allow=\"accelerometer; autoplay; encrypted-media; gyroscope; picture-in-picture\" allowfullscreen></iframe>',NULL),(173,'MA0508','Дымные шарики','MA0508',1,20,64,'/media/MA0508.jpg',NULL,'','MA0508','<div>\r\n	Дымные шарики - один из безобидных видов пиротехники. После поджога заряд всего лишь дымит. Всё без шума и взрывов.</div>\r\n<div>\r\n	&nbsp;</div>\r\n','Дымные шарики - один из безобидных видов пиротехники. После поджога заряд всего лишь дымит. Всё без шума и взрывов.\r\n','','Дымные шарики - один из безобидных видов пиротехники. После поджога заряд всего лишь дымит. Всё без шума и взрывов.\r\n','Петарды MA0508 купить в Минске',NULL,20,NULL,6,2,2,NULL,1.5,'',0,0,0,0,'https://www.youtube.com/watch?v=CqlSmyGAZJA','<iframe width=\"560\" height=\"315\" src=\"https://www.youtube.com/embed/CqlSmyGAZJA\" frameborder=\"0\" allow=\"accelerometer; autoplay; encrypted-media; gyroscope; picture-in-picture\" allowfullscreen></iframe>',NULL),(174,'GWM5030А','Superblitz 10 штук','GWM5030А',1,70,64,'/media/GWM5030A.jpg',NULL,'','GWM5030А','<div>\r\n	Суперблиц средние. Упаковка ракет без стабилизатора - 10 штук. Раскручивается на земле и с визгом и искрами взлетает вверх раскрываясь в небе салютом.</div>\r\n<div>\r\n	&nbsp;</div>\r\n','Суперблиц средние. Упаковка ракет без стабилизатора - 10 штук. Раскручивается на земле и с визгом и искрами взлетает вверх раскрываясь в небе салютом.\r\n','','Суперблиц средние. Упаковка ракет без стабилизатора - 10 штук. Раскручивается на земле и с визгом и искрами взлетает вверх раскрываясь в небе салютом.\r\n','Фейерверк GWM 5030А купить в Минске',NULL,NULL,NULL,NULL,7,7,NULL,4,'',0,0,0,0,'https://www.youtube.com/watch?v=tKl-rc6d4NA','<iframe width=\"560\" height=\"315\" src=\"https://www.youtube.com/embed/tKl-rc6d4NA\" frameborder=\"0\" allow=\"accelerometer; autoplay; encrypted-media; gyroscope; picture-in-picture\" allowfullscreen></iframe>',NULL),(175,'0445D','Набор ракет 12 штук','0445D',1,20,62,'/media/0445D.jpg',NULL,'','0445D','<div>\r\n	Маленькие ракетки-свистульки. Эффект - летит со свистом и происходит хлопок в конце полёта.</div>\r\n<div>\r\n	&nbsp;</div>\r\n','Маленькие ракетки-свистульки. Эффект - летит со свистом и происходит хлопок в конце полёта.\r\n','','Маленькие ракетки-свистульки. Эффект - летит со свистом и происходит хлопок в конце полёта.\r\n','Ракеты 0445D купить в Минске.',15,1,1,12,2,2,NULL,1.2,'',0,0,0,0,'https://www.youtube.com/watch?v=EF0KGz4VzhU','<iframe width=\"560\" height=\"315\" src=\"https://www.youtube.com/embed/EF0KGz4VzhU\" frameborder=\"0\" allow=\"accelerometer; autoplay; encrypted-media; gyroscope; picture-in-picture\" allowfullscreen></iframe>',NULL),(176,'T-6237','MAGIC SHOTS','T-6237',1,80,54,'/media/T6237.jpg',NULL,'','T-6237','<div>\r\n	Набор римских свечей MAGIC SHOTS T6237 - наборе 12 свечей которые производят 15 выстрелов комет разными цветами. Калибр 5 мм. Высота вылета до 10 метров.</div>\r\n<div>\r\n	&nbsp;</div>\r\n','Набор римских свечей MAGIC SHOTS T6237 - наборе 12 свечей которые производят 15 выстрелов комет разными цветами. Калибр 5 мм. Высота вылета до 10 метров.\r\n','','Набор римских свечей MAGIC SHOTS T6237 - наборе 12 свечей которые производят 15 выстрелов комет разными цветами. Калибр 5 мм. Высота вылета до 10 метров.\r\n','Римские свечи T-6237 купить в Минске',10,27,5,15,8,8,NULL,5,'',0,0,0,0,'https://www.youtube.com/watch?v=lvlsONv5UDo','<iframe width=\"560\" height=\"315\" src=\"https://www.youtube.com/embed/lvlsONv5UDo\" frameborder=\"0\" allow=\"accelerometer; autoplay; encrypted-media; gyroscope; picture-in-picture\" allowfullscreen></iframe>',NULL),(177,'SF-395','Набор римских свечей 8 shots','SF-395',1,999,54,'/media/SF-395.jpg',NULL,'','SF-395','<div>\r\n	Набор римских свечей&nbsp; 4 шт., которые производят 8 выстрелов с разными пиротехническими эффектами. Калибр 17 мм. Высота вылета до 25 метров.</div>\r\n<div>\r\n	&nbsp;</div>\r\n','Набор римских свечей  4 шт., которые производят 8 выстрелов с разными пиротехническими эффектами. Калибр 17 мм. Высота вылета до 25 метров.\r\n','Набор римских свечей  4 шт., которые производят 8 выстрелов с разными пиротехническими эффектами. Калибр 17 мм. Высота вылета до 25 метров.\r\n','','Римские свечи SF-395 купить в Минске.',25,27,17,8,13,13,NULL,9,'',0,0,0,0,'https://www.youtube.com/watch?v=rOmzzWMZpfI','<iframe width=\"560\" height=\"315\" src=\"https://www.youtube.com/embed/rOmzzWMZpfI\" frameborder=\"0\" allow=\"accelerometer; autoplay; encrypted-media; gyroscope; picture-in-picture\" allowfullscreen></iframe>',NULL),(178,'GWL-0012A','ROMAN CANDLE','GWL-0012A',1,200,54,'/media/GWL-0012A.jpg',NULL,'','GWL-0012A','<div>\r\n	Римская свеча 1,2&quot; 8 выстр. Римская свеча GWL-0012, калибр 30 мм. Размер свечи до 1 метра. Каждый выстрел вылетает на высоту до 40 м.</div>\r\n<div>\r\n	&nbsp;</div>\r\n','Римская свеча 1,2\" 8 выстр. Римская свеча GWL-0012, калибр 30 мм. Размер свечи до 1 метра. Каждый выстрел вылетает на высоту до 40 м.\r\n','','Римская свеча 1,2\" 8 выстр. Римская свеча GWL-0012, калибр 30 мм. Размер свечи до 1 метра. Каждый выстрел вылетает на высоту до 40 м.\r\n','Римские свечи GWL-0012A купить в Минске.',40,38,30,8,20,20,NULL,13,'',0,0,0,0,'https://www.youtube.com/watch?v=4VqS6-WC2P4','<iframe width=\"560\" height=\"315\" src=\"https://www.youtube.com/embed/4VqS6-WC2P4\" frameborder=\"0\" allow=\"accelerometer; autoplay; encrypted-media; gyroscope; picture-in-picture\" allowfullscreen></iframe>',NULL),(179,'GP-262','BEAUTIFUL FOUNTAIN','GP-262',0,350,56,'/media/GP-262.jpg',NULL,'','GP-262','<div>\r\n	Фонтан GP-262, BEAUTIFUL FOUNTAIN Фонтан конический 45 сек. время работы 1 шт. упаковка</div>\r\n<div>\r\n	&nbsp;</div>\r\n','Фонтан GP-262, BEAUTIFUL FOUNTAIN Фонтан конический 45 сек. время работы 1 шт. упаковка\r\n','','Фонтан GP-262, BEAUTIFUL FOUNTAIN Фонтан конический 45 сек. время работы 1 шт. упаковка\r\n','Фонтан GP-262 купить в Минске.',NULL,45,NULL,NULL,35,35,NULL,23,'',0,0,0,0,'https://youtu.be/g9ffW9l9ZjE','<iframe width=\"560\" height=\"315\" src=\"https://www.youtube.com/embed/g9ffW9l9ZjE\" frameborder=\"0\" allow=\"accelerometer; autoplay; encrypted-media; gyroscope; picture-in-picture\" allowfullscreen></iframe>',NULL),(180,'GW0819-10','Набор фонтанов 10 шт','GW0819-10',0,200,56,'/media/GW0819-101.jpg',NULL,'','GW0819-10','<div>\r\n	Набор фонтанов 10 шт. Фонтан конический маленький 2 м. 30 сек.</div>\r\n<div>\r\n	&nbsp;</div>\r\n','Набор фонтанов 10 шт. Фонтан конический маленький 2 м. 30 сек.\r\n','','Набор фонтанов 10 шт. Фонтан конический маленький 2 м. 30 сек.\r\n','Фонтан GW0819-10 купить в Минске.',NULL,30,NULL,NULL,20,20,NULL,10,'',0,0,0,0,'https://youtu.be/Ni0lmmfe3Qk','<iframe width=\"560\" height=\"315\" src=\"https://www.youtube.com/embed/Ni0lmmfe3Qk\" frameborder=\"0\" allow=\"accelerometer; autoplay; encrypted-media; gyroscope; picture-in-picture\" allowfullscreen></iframe>',NULL),(181,'MF001','Тортовые свечи','MF001',1,40,56,'/media/MF001.jpg',NULL,'','MF001','<div>\r\n	Фонтаны в торт. Тортовые свечи 12,5 см. 40 сек.</div>\r\n<div>\r\n	&nbsp;</div>\r\n','Фонтаны в торт. Тортовые свечи 12,5 см. 40 сек.\r\n','','Тортовые свечи 12,5 см. 40 сек.\r\n','Тортовые свечи MF001 купить в Минске.',NULL,40,NULL,4,4,4,NULL,2,'',0,0,0,0,'https://www.youtube.com/watch?v=0LiclRjjD0c','<iframe width=\"560\" height=\"315\" src=\"https://www.youtube.com/embed/0LiclRjjD0c\" frameborder=\"0\" allow=\"accelerometer; autoplay; encrypted-media; gyroscope; picture-in-picture\" allowfullscreen></iframe>',NULL),(182,'0920','Бенгальские огни 50 см','0920',1,50,64,'/media/0920.jpg',NULL,'','0920','<div>\r\n	Бенгальские огни 50 см 0920, ZIMNE OGNIE 120 сек. время работы 6 шт. упаковка</div>\r\n<div>\r\n	&nbsp;</div>\r\n','Бенгальские огни 50 см 0920, ZIMNE OGNIE 120 сек. время работы 6 шт. упаковка\r\n','','Бенгальские огни 50 см 0920, ZIMNE OGNIE 120 сек. время работы 6 шт. упаковка\r\n','Бенгальские огни 0920, ZIMNE OGNIE купить в Минске.',NULL,120,NULL,NULL,5,5,NULL,2.5,'',0,0,0,0,'https://www.youtube.com/watch?v=Cqo9kw5lPX8','<iframe width=\"560\" height=\"315\" src=\"https://www.youtube.com/embed/Cqo9kw5lPX8\" frameborder=\"0\" allow=\"accelerometer; autoplay; encrypted-media; gyroscope; picture-in-picture\" allowfullscreen></iframe>',NULL),(183,'GW218-91','DARK WORLOCK','GW218-91',0,999,50,'/media/GW218-91.jpg',NULL,'','GW218-91','<div>\r\n	Батарея салютов&nbsp; DARK WORLOCK. Бело-красная пальма с белым стробом, зеленая пион с золоой волной с переходом в серебрянные хризантемы 0,8 калибр 9 выстрелов 30 м. высота разрыва 16 сек. время работы 3 эффекта</div>\r\n<div>\r\n	&nbsp;</div>\r\n','Батарея салютов  DARK WORLOCK. Бело-красная пальма с белым стробом, зеленая пион с золоой волной с переходом в серебрянные хризантемы 0,8 калибр 9 выстрелов 30 м. высота разрыва 16 сек. время работы 3 эффекта\r\n','','Батарея салютов  DARK WORLOCK. Бело-красная пальма с белым стробом, зеленая пион с золоой волной с переходом в серебрянные хризантемы 0,8 калибр 9 выстрелов 30 м. высота разрыва 16 сек. время работы 3 эффекта\r\n','Батарея салютов GW218-91 купить в Минске.',30,16,NULL,9,12,12,NULL,8,'',0,0,0,0,'https://youtu.be/ppXgv8X1fsg','<iframe width=\"560\" height=\"315\" src=\"https://www.youtube.com/embed/ppXgv8X1fsg\" frameborder=\"0\" allow=\"accelerometer; autoplay; encrypted-media; gyroscope; picture-in-picture\" allowfullscreen></iframe>',NULL),(184,'GW218-95',' SKY CITY','GW218-95',1,120,50,'/media/GW218-95.jpg',NULL,'','GW218-95','<div>\r\n	Батарея салютов GW218-95, SKY CITY Красно-зеленые трещащие пионы, переходящие в 1000 серебряных трещащих хризантем 0,8 калибр 10 выстрелов 30 м. высота разрыва 22 сек. время работы 3 эффекта</div>\r\n<div>\r\n	&nbsp;</div>\r\n','Батарея салютов GW218-95, SKY CITY Красно-зеленые трещащие пионы, переходящие в 1000 серебряных трещащих хризантем 0,8 калибр 10 выстрелов 30 м. высота разрыва 22 сек. время работы 3 эффекта\r\n','','Батарея салютов GW218-95, SKY CITY Красно-зеленые трещащие пионы, переходящие в 1000 серебряных трещащих хризантем 0,8 калибр 10 выстрелов 30 м. высота разрыва 22 сек. время работы 3 эффекта\r\n','Батарея салютов GW218-95 купить в Минске.',30,22,20,10,12,12,NULL,8.4,'',0,0,0,0,'https://www.youtube.com/watch?v=ELSAf7G0KTM','<iframe width=\"560\" height=\"315\" src=\"https://www.youtube.com/embed/ELSAf7G0KTM\" frameborder=\"0\" allow=\"accelerometer; autoplay; encrypted-media; gyroscope; picture-in-picture\" allowfullscreen></iframe>',NULL),(185,'GW218-93',' COLORFULL WORLD','GW218-93',1,110,50,'/media/GW218-93.jpg',NULL,'','GW218-93','<div>\r\n	Батарея салютов COLORFULL WORLD, Красно-зеленая волна с переходом в трещащие хризантемы, пурпурно-серебряная волна с переходом в трещащие хризантемы 0,8 калибр 12 выстрелов 30 м. высота разрыва 16 сек. время работы 3 эффекта</div>\r\n<div>\r\n	&nbsp;</div>\r\n','Батарея салютов COLORFULL WORLD, Красно-зеленая волна с переходом в трещащие хризантемы, пурпурно-серебряная волна с переходом в трещащие хризантемы 0,8 калибр 12 выстрелов 30 м. высота разрыва 16 сек. время работы 3 эффекта\r\n','','Батарея салютов COLORFULL WORLD, Красно-зеленая волна с переходом в трещащие хризантемы, пурпурно-серебряная волна с переходом в трещащие хризантемы 0,8 калибр 12 выстрелов 30 м. высота разрыва 16 сек. время работы 3 эффекта\r\n','Батарея салютов GW218-93 купить в Минске.',30,16,20,12,11,11,NULL,8.3,'',0,0,0,0,'https://www.youtube.com/watch?v=G8L0AMCYO4w','<iframe width=\"560\" height=\"315\" src=\"https://www.youtube.com/embed/G8L0AMCYO4w\" frameborder=\"0\" allow=\"accelerometer; autoplay; encrypted-media; gyroscope; picture-in-picture\" allowfullscreen></iframe>',NULL),(186,'GP497','STARLIGHT','GP497',1,180,50,'/media/GP497.jpg',NULL,'','GP497','<div>\r\n	Батарея салютов GP497, STARLIGHT, Красно-белый пион со стробами, зеленый пион со стробами, белая трещащая хризантема 0,8 калибр 16 выстрелов 30 м. высота разрыва 22 сек. время работы 3 эффекта</div>\r\n<div>\r\n	&nbsp;</div>\r\n','Батарея салютов GP497, STARLIGHT, Красно-белый пион со стробами, зеленый пион со стробами, белая трещащая хризантема 0,8 калибр 16 выстрелов 30 м. высота разрыва 22 сек. время работы 3 эффекта\r\n','','Батарея салютов GP497, STARLIGHT, Красно-белый пион со стробами, зеленый пион со стробами, белая трещащая хризантема 0,8 калибр 16 выстрелов 30 м. высота разрыва 22 сек. время работы 3 эффекта\r\n','Батарея салютов GP497 купить в Минске.',30,22,20,16,18,18,NULL,12.6,'',0,0,0,0,'https://www.youtube.com/watch?v=Wu_8VXOl3Fo','<iframe width=\"560\" height=\"315\" src=\"https://www.youtube.com/embed/Wu_8VXOl3Fo\" frameborder=\"0\" allow=\"accelerometer; autoplay; encrypted-media; gyroscope; picture-in-picture\" allowfullscreen></iframe>',NULL),(187,'GP459',' COLOR CRACKLING','GP459',1,220,50,'/media/GP459.jpg',NULL,'','GP459','<div>\r\n	Батарея салютов COLOR CRACKLING, Красная волна, зеленая волна 0,8 калибр 19 выстрелов 30 м. высота разрыва 29 сек. время работы 3 эффекта</div>\r\n<div>\r\n	&nbsp;</div>\r\n','Батарея салютов COLOR CRACKLING, Красная волна, зеленая волна 0,8 калибр 19 выстрелов 30 м. высота разрыва 29 сек. время работы 3 эффекта\r\n','','Батарея салютов COLOR CRACKLING, Красная волна, зеленая волна 0,8 калибр 19 выстрелов 30 м. высота разрыва 29 сек. время работы 3 эффекта\r\n','Батарея салютов GP459 купить в Минске.',30,30,20,19,22,22,NULL,16.5,'',0,0,0,0,'https://www.youtube.com/watch?v=By4_Q5u1UIc','<iframe width=\"560\" height=\"315\" src=\"https://www.youtube.com/embed/By4_Q5u1UIc\" frameborder=\"0\" allow=\"accelerometer; autoplay; encrypted-media; gyroscope; picture-in-picture\" allowfullscreen></iframe>',NULL),(188,'GP493','Word ','GP493',1,220,50,'/media/GP493.jpg',NULL,'','GP493','<div>\r\n	Салют&nbsp; Word&nbsp; это отличный выбор для домашних праздников. Он органичным образом сочетает все эффекты которые имеет. Содержит 19 залпов калибром 1,0 дюйм и при разрыве на высоте в 30 метров раскрашивает небо в радужные цвета.</div>\r\n<div>\r\n	&nbsp;</div>\r\n','Салют  Word  это отличный выбор для домашних праздников. Он органичным образом сочетает все эффекты которые имеет. Содержит 19 залпов калибром 1,0 дюйм и при разрыве на высоте в 30 метров раскрашивает небо в радужные цвета.\r\n','','Салют  Word  это отличный выбор для домашних праздников. Он органичным образом сочетает все эффекты которые имеет. Содержит 19 залпов калибром 1,0 дюйм и при разрыве на высоте в 30 метров раскрашивает небо в радужные цвета.\r\n','Батарея салютов GP493 купить в Минске.',30,28,20,19,22,22,NULL,16,'',0,0,0,0,'https://www.youtube.com/watch?v=pJEbgeqG22E','<iframe width=\"560\" height=\"315\" src=\"https://www.youtube.com/embed/pJEbgeqG22E\" frameborder=\"0\" allow=\"accelerometer; autoplay; encrypted-media; gyroscope; picture-in-picture\" allowfullscreen></iframe>',NULL),(189,'GP485','KALEIDOSCOPE ','GP485',1,230,50,'/media/GP485.jpg',NULL,'','GP485','<div>\r\n	Батарея салютов GP485, KALEIDOSCOPE бело-красный пион, пальма с трещащими хризантемами, трещащая хризантема 0,8 калибр 20 выстрелов 30 м. высота разрыва 22 сек. время работы 4 эффекта</div>\r\n<div>\r\n	&nbsp;</div>\r\n','Батарея салютов GP485, KALEIDOSCOPE бело-красный пион, пальма с трещащими хризантемами, трещащая хризантема 0,8 калибр 20 выстрелов 30 м. высота разрыва 22 сек. время работы 4 эффекта\r\n','','Батарея салютов GP485, KALEIDOSCOPE бело-красный пион, пальма с трещащими хризантемами, трещащая хризантема 0,8 калибр 20 выстрелов 30 м. высота разрыва 22 сек. время работы 4 эффекта\r\n','Батарея салютов GP485 купить в Минске.',30,22,20,20,23,23,NULL,16,'',0,0,0,0,'https://www.youtube.com/watch?v=pBVyuu3nDok','<iframe width=\"560\" height=\"315\" src=\"https://www.youtube.com/embed/pBVyuu3nDok\" frameborder=\"0\" allow=\"accelerometer; autoplay; encrypted-media; gyroscope; picture-in-picture\" allowfullscreen></iframe>',NULL),(190,'GP498','DREAM','GP498',1,300,51,'/media/GP498.jpg',NULL,'','GP498','<div>\r\n	Батарея салютов&nbsp; DREAM - белый пион с треском, зеленые пионы с треском, красный пион с треском. 0,8&quot; калибр, 25 выстрелов, 30 м. высота разрыва, 29 сек. время работы, 3 эффекта.</div>\r\n<p>\r\n	&nbsp;</p>\r\n','Батарея салютов DREAM - белый пион с треском, зеленые пионы с треском, красный пион с треском. 0,8\" калибр, 25 выстрелов, 30 м. высота разрыва, 29 сек. время работы, 3 эффекта.\r\n','','Батарея салютов  DREAM - белый пион с треском, зеленые пионы с треском, красный пион с треском. 0,8\" калибр, 25 выстрелов, 30 м. высота разрыва, 29 сек. время работы, 3 эффекта.','Батарея салютов GP498 купить в Минске',30,29,20,25,30,30,NULL,20,'',0,0,0,0,'https://www.youtube.com/watch?v=4pRJaxya2G4','<iframe width=\"560\" height=\"315\" src=\"https://www.youtube.com/embed/4pRJaxya2G4\" frameborder=\"0\" allow=\"accelerometer; autoplay; encrypted-media; gyroscope; picture-in-picture\" allowfullscreen></iframe>',NULL),(191,'GP467','STAR LIGHT','GP467',1,320,51,'/media/GP467.jpg',NULL,'','GP467','<div>\r\n	Батарея салютов STAR LIGHT бело-пурпурный пион с белыми стробами, красно-золотой пион с белыми стробами 0,8 калибр 25 выстрелов 30 м. высота разрыва 27 сек. время работы 3 эффекта</div>\r\n<div>\r\n	&nbsp;</div>\r\n','Батарея салютов STAR LIGHT бело-пурпурный пион с белыми стробами, красно-золотой пион с белыми стробами 0,8 калибр 25 выстрелов 30 м. высота разрыва 27 сек. время работы 3 эффекта\r\n','','Батарея салютов STAR LIGHT бело-пурпурный пион с белыми стробами, красно-золотой пион с белыми стробами 0,8 калибр 25 выстрелов 30 м. высота разрыва 27 сек. время работы 3 эффекта\r\n','Батарея салютов GP467 купить в Минске.',30,27,20,25,32,32,NULL,22,'',0,0,0,0,'https://www.youtube.com/watch?v=DKSglQ0p0Xg','<iframe width=\"560\" height=\"315\" src=\"https://www.youtube.com/embed/DKSglQ0p0Xg\" frameborder=\"0\" allow=\"accelerometer; autoplay; encrypted-media; gyroscope; picture-in-picture\" allowfullscreen></iframe>',NULL),(192,'MC107',' SHOW ','MC107',1,450,51,'/media/MC107.jpg',NULL,'','MC107','<div>\r\n	Батарея салютов SHOW - красный пион с трещащими хризантемами, серебряная волна, зеленый пион. 0,8&quot; калибр, 36 выстрелов, 30 м. высота разрыва, 33 сек. время работы, 4 эффекта.</div>\r\n','Батарея салютов SHOW - красный пион с трещащими хризантемами, серебряная волна, зеленый пион. 0,8\" калибр, 36 выстрелов, 30 м. высота разрыва, 33 сек. время работы, 4 эффекта.\r\n','','Батарея салютов SHOW - красный пион с трещащими хризантемами, серебряная волна, зеленый пион. 0,8\" калибр, 36 выстрелов, 30 м. высота разрыва, 33 сек. время работы, 4 эффекта.\r\n','Батарея салютов MC107 купить в Минске.',30,33,20,36,45,45,NULL,31.5,'',0,0,0,0,'https://www.youtube.com/watch?v=nf7fMTk-mBk','<iframe width=\"560\" height=\"315\" src=\"https://www.youtube.com/embed/nf7fMTk-mBk\" frameborder=\"0\" allow=\"accelerometer; autoplay; encrypted-media; gyroscope; picture-in-picture\" allowfullscreen></iframe>',NULL),(193,'MC139','SEXY BLUE','MC139',1,600,51,'/media/MC139.jpg',NULL,'','MC139','<div>\r\n	Батарея салютов SEXY BLUE Серебряные хризантемы с красными огнями на концах, серебряные хризантемы с зелеными огнями на концах, красный и зеленый пион с белым мерцанием, серебряная хризантема с переходом в 1000 трещащих хризантем, зеленая волна с белым мерцанием 0,8 калибр 49 выстрелов 30 м. высота разрыва 58 сек. время работы 7 эффектов</div>\r\n<div>\r\n	&nbsp;</div>\r\n','Батарея салютов SEXY BLUE - 0,8\" калибр, 49 выстрелов, 30 м. высота разрыва, 58 сек. время работы, 7 эффектов.','','Батарея салютов SEXY BLUE - 0,8\" калибр, 49 выстрелов, 30 м. высота разрыва, 58 сек. время работы, 7 эффектов.\r\n','Батарея салютов MC139 купить в Минске',30,58,20,49,60,60,NULL,42,'',0,0,0,0,'https://www.youtube.com/watch?v=2Mv2uokOUL8','<iframe width=\"560\" height=\"315\" src=\"https://www.youtube.com/embed/2Mv2uokOUL8\" frameborder=\"0\" allow=\"accelerometer; autoplay; encrypted-media; gyroscope; picture-in-picture\" allowfullscreen></iframe>',NULL),(194,'MC114','Golden Spider','MC114',1,1300,52,'/media/MC114.jpg',NULL,'','MC114','<div>\r\n	0,8 калибр 100 выстрелов 30 м. высота разрыва 48 сек. время работы 5 эффектов</div>\r\n<div>\r\n	&nbsp;</div>\r\n','0,8 калибр 100 выстрелов 30 м. высота разрыва 48 сек. время работы 5 эффектов\r\n','','0,8 калибр 100 выстрелов 30 м. высота разрыва 48 сек. время работы 5 эффектов\r\n','Батарея салютов MC114 купить в Минске.',30,48,20,100,130,130,NULL,91,'',0,0,0,0,'https://www.youtube.com/watch?v=Yweky6WkpgI','<iframe width=\"560\" height=\"315\" src=\"https://www.youtube.com/embed/Yweky6WkpgI\" frameborder=\"0\" allow=\"accelerometer; autoplay; encrypted-media; gyroscope; picture-in-picture\" allowfullscreen></iframe>',NULL),(195,'МС127','Well','МС127',1,1500,52,'/media/127.jpg',NULL,'','МС127','<div>\r\n	Калибр - 20 мм. 100 залпов. Время работы - 55 сек.</div>\r\n<div>\r\n	&nbsp;</div>\r\n','Калибр - 20 мм. 100 залпов. Время работы - 55 сек.\r\n','','Калибр - 20 мм. 100 залпов. Время работы - 55 сек.\r\n','Батарея салютов МС127 купить в Минске',25,50,20,100,150,150,NULL,105,'',0,0,0,0,'https://www.youtube.com/watch?v=yl4Z6Q0I8Xk','<iframe width=\"560\" height=\"315\" src=\"https://www.youtube.com/embed/yl4Z6Q0I8Xk\" frameborder=\"0\" allow=\"accelerometer; autoplay; encrypted-media; gyroscope; picture-in-picture\" allowfullscreen></iframe>',NULL),(196,'МС138','Impassne','МС138',1,1600,52,'/media/138.jpg',NULL,'','МС138','<div>\r\n	<div>\r\n		Батарея салютов МС138 купить в Минске - калибр 0,8 &quot;, 128 выстрелов, 30 м. высота разрыва, 69 секунд время работы, 9 эффектов</div>\r\n	<div>\r\n		&nbsp;</div>\r\n</div>\r\n<div>\r\n	&nbsp;</div>\r\n','Батарея салютов МС138 купить в Минске - калибр 0,8 \", 128 выстрелов, 30 м. высота разрыва, 69 секунд время работы, 9 эффектов\r\n','','Батарея салютов МС138 купить в Минске - калибр 0,8 \", 128 выстрелов, 30 м. высота разрыва, 69 секунд время работы, 9 эффектов\r\n','Батарея салютов МС138 купить в Минске',30,69,20,128,160,160,NULL,120,'',0,0,0,0,'https://www.youtube.com/watch?v=Kia_hmE7HT4','<iframe width=\"560\" height=\"315\" src=\"https://www.youtube.com/embed/Kia_hmE7HT4\" frameborder=\"0\" allow=\"accelerometer; autoplay; encrypted-media; gyroscope; picture-in-picture\" allowfullscreen></iframe>',NULL),(197,'МС146',' Explosive','МС146',1,2800,53,'/media/146.jpg',NULL,'','МС146','<div>\r\n	Яркий, насыщенный, с большой разновидностью пиротехнических эффектов именно такой является салютная установка МС146 Explosive. Изделие относится к классу бытовой пиротехники, очень легкое и простое в использовании, приводится в действие путем поджога встроенного фитиля. Количество выстрелов: 250 шт. Калибр: 20 мм. Количество пиротехнических эффектов: 15 шт. включая звуковые эффекты (свист). Высота вылета зарядов: 30 м. Время работы: 166 сек.</div>\r\n<div>\r\n	&nbsp;</div>\r\n','Яркий, насыщенный, с большой разновидностью пиротехнических эффектов именно такой является салютная установка МС146 Explosive.','','Яркий, насыщенный, с большой разновидностью пиротехнических эффектов именно такой является салютная установка МС146 Explosive.','Батарея салютов МС146 купить в Минске.',30,166,20,250,280,280,NULL,210,'',0,0,0,0,'https://www.youtube.com/watch?v=RIznNEIFrKg','<iframe width=\"560\" height=\"315\" src=\"https://www.youtube.com/embed/RIznNEIFrKg\" frameborder=\"0\" allow=\"accelerometer; autoplay; encrypted-media; gyroscope; picture-in-picture\" allowfullscreen></iframe>',NULL),(198,'МС147','Armagedon','МС147',1,3600,53,'/media/147.jpg',NULL,'','МС147','<div>\r\n	&quot;MC147 Armagedon - большой фейерверк на 300 выстрелов, калибр 20 мм, время работы салюта 200 секунд, высота вылета зарядов 25-30 метров.</div>\r\n<div>\r\n	&nbsp;</div>\r\n<div>\r\n	Фейерверк уникален тем, что состоит из 300! зарядов, и работает более 3 минут. Заряды вылетают как вертикально так и веерными залпами.&nbsp; Присутствуют эффекты свистящихся червячков, разноцветные пионы, на финал золотой дождь с треском.</div>\r\n<div>\r\n	&nbsp;</div>\r\n','MC147 Armagedon - большой фейерверк на 300 выстрелов, калибр 20 мм, время работы салюта 200 секунд, высота вылета зарядов 25-30 метров.\r\n\r\n','','\"MC147 Armagedon - большой фейерверк на 300 выстрелов, калибр 20 мм, время работы салюта 200 секунд, высота вылета зарядов 25-30 метров.\r\n','Батарея салютов МС147 купить в Минске.',30,200,20,300,360,360,NULL,270,'',0,0,0,0,'https://www.youtube.com/watch?v=02w-xSOxb2c','<iframe width=\"560\" height=\"315\" src=\"https://www.youtube.com/embed/02w-xSOxb2c\" frameborder=\"0\" allow=\"accelerometer; autoplay; encrypted-media; gyroscope; picture-in-picture\" allowfullscreen></iframe>',NULL),(199,'МС148','Monster ','МС148',1,2300,53,'/media/148.jpg',NULL,'','МС148','<div>\r\n	Monster MC148 - салют на 200 выстрелов, 20-мм калибра и с временью работы до полутора минуты. Салют МС148 имеет в наличии с десяток эффектов. Пиротехнические заряды, вылетая в небо, взрываются красными, синими, золотыми цветами. Салютная батарея MC148 для тех, кто хочет получить красивый, многозалповый, продолжительный по времени фейерверк за небольшой бюджет. В конце работы вылетают одновременно несколько зарядов.</div>\r\n<div>\r\n	&nbsp;</div>\r\n','Monster MC148 - салют на 200 выстрелов, 20-мм калибра и с временем работы полуторы минуты. Салют МС148 имеет в наличии с десяток эффектов.','','Monster MC148 - салют на 200 выстрелов, 20-мм калибра и с временью работы до полутора минуты. Салют МС148 имеет в наличии с десяток эффектов.','Батарея салютов МС148 купить в Минске.',25,90,20,200,230,230,NULL,172,'',0,0,0,0,'https://www.youtube.com/watch?v=eyYcuP65QJQ','<iframe width=\"560\" height=\"315\" src=\"https://www.youtube.com/embed/eyYcuP65QJQ\" frameborder=\"0\" allow=\"accelerometer; autoplay; encrypted-media; gyroscope; picture-in-picture\" allowfullscreen></iframe>',NULL),(200,'МС149','Blue night Fire','МС149',1,2300,53,'/media/149.jpg',NULL,'','МС149','<div>\r\n	Красивая батарея, очень хорошая подборка эффектов! 200 залпов, 70 секунд!</div>\r\n<div>\r\n	&nbsp;</div>\r\n<div>\r\n	&bull; Белые, красные, синие, зеленые пионы</div>\r\n<div>\r\n	&bull; Красно-фиолетовые опадающие листья</div>\r\n<div>\r\n	&bull; Серебряные кометы со свистом</div>\r\n<div>\r\n	&bull; Золотые хризантемы</div>\r\n<div>\r\n	&bull; Красные и белые волны с переходом в трещащие огни</div>\r\n<div>\r\n	&bull; Финал - белые вспышки с грохотом</div>\r\n<div>\r\n	&nbsp;</div>\r\n','Красивая батарея, очень хорошая подборка эффектов! 200 залпов, 70 секунд!','','Красивая батарея, очень хорошая подборка эффектов! 200 залпов, 70 секунд!','Батарея салютов МС149 купить в Минске.',25,80,20,200,230,230,NULL,172,'',0,0,0,0,'https://www.youtube.com/watch?v=Xs0bnLggw1E','<iframe width=\"560\" height=\"315\" src=\"https://www.youtube.com/embed/Xs0bnLggw1E\" frameborder=\"0\" allow=\"accelerometer; autoplay; encrypted-media; gyroscope; picture-in-picture\" allowfullscreen></iframe>',NULL),(201,'GP475',' ANGRY TIGER','GP475',1,300,51,'/media/GP475.jpg',NULL,'','GP475','<div>\r\n	Батарея салютов GP475, ANGRY TIGER, 1&quot;/15 залпов 1 калибр 15 выстрелов 35 м. высота разрыва 30 сек. время работы 3 эффекта</div>\r\n<div>\r\n	&nbsp;</div>\r\n','Батарея салютов GP475, ANGRY TIGER, 1\"/15 залпов 1 калибр 15 выстрелов 35 м. высота разрыва 30 сек. время работы 3 эффекта\r\n','','Батарея салютов GP475, ANGRY TIGER, 1\"/15 залпов 1 калибр 15 выстрелов 35 м. высота разрыва 30 сек. время работы 3 эффекта\r\n','Батарея салютов GP475 купить в Минске.',35,30,25,15,30,30,NULL,21,'',0,0,0,0,'https://www.youtube.com/watch?v=fBS8MTRyse0','<iframe width=\"560\" height=\"315\" src=\"https://www.youtube.com/embed/fBS8MTRyse0\" frameborder=\"0\" allow=\"accelerometer; autoplay; encrypted-media; gyroscope; picture-in-picture\" allowfullscreen></iframe>',NULL),(202,'GP487','SWEET DREAM','GP487',1,300,51,'/media/GP487.jpg',NULL,'','GP487','<div>\r\n	Батарея салютов GP487, SWEET DREAM, 1&quot;/16 залпов 1 калибр 16 выстрелов 35 м. высота разрыва 32 сек. время работы 4 эффекта</div>\r\n<div>\r\n	&nbsp;</div>\r\n','Батарея салютов GP487, SWEET DREAM, 1\"/16 залпов 1 калибр 16 выстрелов 35 м. высота разрыва 32 сек. время работы 4 эффекта\r\n','','Батарея салютов GP487, SWEET DREAM, 1\"/16 залпов 1 калибр 16 выстрелов 35 м. высота разрыва 32 сек. время работы 4 эффекта\r\n','Батарея салютов GP487 купить в Минске.',35,32,25,16,30,30,NULL,21,'',0,0,0,0,'https://www.youtube.com/watch?v=yj3GuZS3ILQ','<iframe width=\"560\" height=\"315\" src=\"https://www.youtube.com/embed/yj3GuZS3ILQ\" frameborder=\"0\" allow=\"accelerometer; autoplay; encrypted-media; gyroscope; picture-in-picture\" allowfullscreen></iframe>',NULL),(203,'GP500',' SILVER STROBE','GP500',1,300,51,'/media/GP500.jpg',NULL,'','GP500','<div>\r\n	Батарея салютов GP500, SILVER STROBE, 1&quot;/16 залпов 1 калибр 16 выстрелов 35 м. высота разрыва 34 сек. время работы 4 эффекта</div>\r\n<div>\r\n	&nbsp;</div>\r\n','Батарея салютов GP500, SILVER STROBE, 1\"/16 залпов 1 калибр 16 выстрелов 35 м. высота разрыва 34 сек. время работы 4 эффекта\r\n','','Батарея салютов GP500, SILVER STROBE, 1\"/16 залпов 1 калибр 16 выстрелов 35 м. высота разрыва 34 сек. время работы 4 эффекта\r\n','Батарея салютов  GP500 купить в Минске.',35,34,25,16,30,30,NULL,21,'',0,0,0,0,'https://www.youtube.com/watch?v=2I10ilHZ63k','<iframe width=\"560\" height=\"315\" src=\"https://www.youtube.com/embed/2I10ilHZ63k\" frameborder=\"0\" allow=\"accelerometer; autoplay; encrypted-media; gyroscope; picture-in-picture\" allowfullscreen></iframe>',NULL),(204,'GP510','WONDERFUL PERFORMANCE','GP510',1,400,51,'/media/GP510.jpg',NULL,'','GP510','<div>\r\n	Батарея салютов GP510, WONDERFUL PERFORMANCE, 1&quot;/19 залпов 1 калибр 19 выстрелов 35 м. высота разрыва 37 сек. время работы 4 эффекта</div>\r\n<div>\r\n	&nbsp;</div>\r\n','Батарея салютов GP510, WONDERFUL PERFORMANCE, 1\"/19 залпов 1 калибр 19 выстрелов 35 м. высота разрыва 37 сек. время работы 4 эффекта\r\n','','Батарея салютов GP510, WONDERFUL PERFORMANCE, 1\"/19 залпов 1 калибр 19 выстрелов 35 м. высота разрыва 37 сек. время работы 4 эффекта\r\n','Батарея салютов GP510 купить в Минске.',35,37,25,19,40,40,NULL,28,'',0,0,0,0,'https://www.youtube.com/watch?v=kXsrLxsBYCQ','<iframe width=\"560\" height=\"315\" src=\"https://www.youtube.com/embed/kXsrLxsBYCQ\" frameborder=\"0\" allow=\"accelerometer; autoplay; encrypted-media; gyroscope; picture-in-picture\" allowfullscreen></iframe>',NULL),(205,'GWM5048','NEON FIREWORKS','GWM5048',1,450,51,'/media/GWM5048.jpg',NULL,'','GWM5048','<div>\r\n	Батарея салютов GWM5048 NEON FIREWORKS - 1&quot; калибр, 25 выстрелов, 35 м. высота разрыва, 37 сек. время работы, 5 эффектов.</div>\r\n','Батарея салютов GWM5048 NEON FIREWORKS - 1\" калибр, 25 выстрелов, 35 м. высота разрыва, 37 сек. время работы, 5 эффектов.\r\n','','Батарея салютов GWM5048, NEON FIREWORKS, 1\"/25 залпов 1 калибр 25 выстрелов 35 м. высота разрыва 37 сек. время работы 5 эффектов\r\n','Батарея салютов GWM5048 купить в Минске.',35,37,25,25,45,45,NULL,31.5,'',0,0,0,0,'https://www.youtube.com/watch?v=QVweu0Ei7LA','<iframe width=\"560\" height=\"315\" src=\"https://www.youtube.com/embed/QVweu0Ei7LA\" frameborder=\"0\" allow=\"accelerometer; autoplay; encrypted-media; gyroscope; picture-in-picture\" allowfullscreen></iframe>',NULL),(206,'MC113','REPLAY','MC113',1,1000,52,'/media/MC113.jpg',NULL,'','MC113','<div>\r\n	Батарея салютов MC113 REPLAY - 49 залпов, 1&quot; калибр, 35 м. высота разрыва, 47 сек. время работы, 6 эффектов.</div>\r\n<div>\r\n	&nbsp;</div>\r\n','Батарея салютов MC113 REPLAY - 49 залпов, 1\" калибр, 35 м. высота разрыва, 47 сек. время работы, 6 эффектов.','','Батарея салютов MC113 REPLAY - 49 залпов, 1\" калибр, 35 м. высота разрыва, 47 сек. время работы, 6 эффектов.\r\n','Батарея салютов MC113 купить в Минске.',35,47,25,49,100,100,NULL,70,'',0,0,0,0,'https://www.youtube.com/watch?v=DS6GHlZWRng','<iframe width=\"560\" height=\"315\" src=\"https://www.youtube.com/embed/DS6GHlZWRng\" frameborder=\"0\" allow=\"accelerometer; autoplay; encrypted-media; gyroscope; picture-in-picture\" allowfullscreen></iframe>',NULL),(207,'МС136','SHATER','МС136',1,1300,52,'/media/136.jpg',NULL,'','МС136','<div>\r\n	Батарея салютов МС136 SHATER - 1&quot; калибр, 60 выстрелов, 35 м. высота разрыва, 46 сек. время работы, 5 эффектов.</div>\r\n<div>\r\n	&nbsp;</div>\r\n','Батарея салютов МС136 SHATER - 1\" калибр, 60 выстрелов, 35 м. высота разрыва, 46 сек. время работы, 5 эффектов.','','Батарея салютов МС136 SHATER - 1\" калибр, 60 выстрелов, 35 м. высота разрыва, 46 сек. время работы, 5 эффектов.\r\n','Батарея салютов МС136 купить в Минске',35,46,25,60,130,130,NULL,91,'',0,0,0,0,'https://www.youtube.com/watch?v=LpAXsNOPgTI','<iframe width=\"560\" height=\"315\" src=\"https://www.youtube.com/embed/LpAXsNOPgTI\" frameborder=\"0\" allow=\"accelerometer; autoplay; encrypted-media; gyroscope; picture-in-picture\" allowfullscreen></iframe>',NULL),(208,'GP508','STRENGTH','GP508',1,2100,53,'/media/GP508.jpg',NULL,'','GP508','<div>\r\n	Батарея салютов GP508 STRENGTH. Эффекты - красно-зеленый пион, золотая трещащая хризантема, серебряный пульсирующий пион, красная хризантема, финал залпы золотых трещащих комет, разрывающихся красно-зелеными пионами, переходящими в 1000 трещащих хризантем, финал трещащие кометы переходящие в золотые. 1&quot; калибр, 100 выстрелов, 35 м. высота разрыва, 97 сек. время работы, 7 эффектов.</div>\r\n<div>\r\n	&nbsp;</div>\r\n','Батарея салютов GP508 STRENGTH. Эффекты - красно-зеленый пион, золотая трещащая пальма...','','Батарея салютов GP508 STRENGTH купить в Минске','Батарея салютов GP508 купить в Минске.',35,97,25,100,210,210,NULL,147,'',0,0,0,0,'https://www.youtube.com/watch?v=hp4pAc0zASg','<iframe width=\"560\" height=\"315\" src=\"https://www.youtube.com/embed/hp4pAc0zASg\" frameborder=\"0\" allow=\"accelerometer; autoplay; encrypted-media; gyroscope; picture-in-picture\" allowfullscreen></iframe>',NULL),(209,'SB-19-01',' SATURDAY ','SB-19-01',1,550,52,'/media/SB-19-01.jpg',NULL,'','SB-19-01','<div>\r\n	Батарея салютов SB-19-01*, SATURDAY Разноцветный пион, золотая пальма в фиолетовых огнях, красно-фиолетовый пион с белыми стробами, фиолетово-зеленый пион с белыми стробами, серебряная пальма в разноцветных огнях 1,2 калибр 19 выстрелов 40 м. высота разрыва 32 сек. время работы 4 эффекта</div>\r\n<div>\r\n	&nbsp;</div>\r\n','Батарея салютов SB-19-01*, SATURDAY Разноцветный пион, золотая пальма в фиолетовых огнях, красно-фиолетовый пион с белыми стробами, фиолетово-зеленый пион с белыми стробами','','Батарея салютов SB-19-01*, SATURDAY Разноцветный пион, золотая пальма в фиолетовых огнях, красно-фиолетовый пион с белыми стробами, фиолетово-зеленый пион с белыми стробами','Батарея салютов SB-19-01 купить в Минске.',40,32,30,19,55,55,NULL,37,'',0,0,0,0,'https://www.youtube.com/watch?v=j-nAjcwnEAY','<iframe width=\"560\" height=\"315\" src=\"https://www.youtube.com/embed/j-nAjcwnEAY\" frameborder=\"0\" allow=\"accelerometer; autoplay; encrypted-media; gyroscope; picture-in-picture\" allowfullscreen></iframe>',NULL),(210,'SB-19-02','LOVE OF BLUE ','SB-19-02',1,550,52,'/media/SB-19-02.jpg',NULL,'','SB-19-02','\r\nБатарея салютов SB-19-02*, LOVE OF BLUE красный и зеленый пионы с белым мерцанием, фиолетовый пион с белым мерцанием 1,2 калибр 19 выстрелов 40 м. высота разрыва 33 сек. время работы 3 эффекта','Батарея салютов SB-19-02*, LOVE OF BLUE красный и зеленый пионы с белым мерцанием, фиолетовый пион с белым мерцанием 1,2 калибр 19 выстрелов 40 м. высота разрыва 33 сек. время работы 3 эффекта\r\n','','Батарея салютов SB-19-02*, LOVE OF BLUE красный и зеленый пионы с белым мерцанием, фиолетовый пион с белым мерцанием 1,2 калибр 19 выстрелов 40 м. высота разрыва 33 сек. время работы 3 эффекта\r\n','Батарея салютов SB-19-02 купить в Минске.',40,33,30,19,55,55,NULL,37,'',0,0,0,0,'https://www.youtube.com/watch?v=HndgtQ1RPjk','<iframe width=\"560\" height=\"315\" src=\"https://www.youtube.com/embed/HndgtQ1RPjk\" frameborder=\"0\" allow=\"accelerometer; autoplay; encrypted-media; gyroscope; picture-in-picture\" allowfullscreen></iframe>',NULL),(211,'SB-25-01','BIG SURE ','SB-25-01',1,700,52,'/media/SB-25-01.jpg',NULL,'','SB-25-01','<div>\r\n	Батарея салютов SB-25-01*, BIG SURE серебряные хризантемы с белым мерцанием, серебряные хризантемы с красным и зеленым мерцанием, красно - фиолетовый пион, зелено-пурпурный пион 1,2 калибр 25 выстрелов 40 м. высота разрыва 33 сек. время работы 4 эффекта</div>\r\n<div>\r\n	&nbsp;</div>\r\n','Батарея салютов SB-25-01*, BIG SURE серебряные хризантемы с белым мерцанием, серебряные хризантемы с красным и зеленым мерцанием','','Батарея салютов SB-25-01*, BIG SURE серебряные хризантемы с белым мерцанием, серебряные хризантемы с красным и зеленым мерцанием','Батарея салютов SB-25-01 купить в Минске.',40,33,30,25,70,70,NULL,45,'',0,0,0,0,'https://www.youtube.com/watch?v=QsQUnmsE3d8','<iframe width=\"560\" height=\"315\" src=\"https://www.youtube.com/embed/QsQUnmsE3d8\" frameborder=\"0\" allow=\"accelerometer; autoplay; encrypted-media; gyroscope; picture-in-picture\" allowfullscreen></iframe>',NULL),(212,'SB-25-02','Big Sure','SB-25-02',1,700,52,'/media/SB-25-02.jpg',NULL,'','SB-25-02','<div>\r\n	&bull; Золотая пальма с зеленым пионом в центре</div>\r\n<div>\r\n	&bull; Красно-белый пульсирующий пион</div>\r\n<div>\r\n	&bull; Фиолетово-белый пульсирующий пион</div>\r\n<div>\r\n	&bull; Золотая пальма с красными огнями на концах и трещащим пестиком</div>\r\n<div>\r\n	&bull; Желто-фиолетовый пульсирующий пион</div>\r\n<div>\r\n	&nbsp;</div>\r\n<div>\r\n	Калибр - 1,2 дюйма</div>\r\n<div>\r\n	&nbsp;</div>\r\n','• Золотая пальма с зеленым пионом в центре\r\n• Красно-белый пульсирующий пион\r\n \r\nКалибр - 1,2 дюйма\r\n\r\n','','• Золотая пальма с зеленым пионом в центре\r\n• Красно-белый пульсирующий пион\r\n \r\nКалибр - 1,2 дюйма\r\n\r\n','Батарея салютов SB-25-02 купить в Минске.',40,30,30,25,70,70,NULL,45,'',0,0,0,0,'https://www.youtube.com/watch?v=dGY7ZDOyqqY','<iframe width=\"560\" height=\"315\" src=\"https://www.youtube.com/embed/dGY7ZDOyqqY\" frameborder=\"0\" allow=\"accelerometer; autoplay; encrypted-media; gyroscope; picture-in-picture\" allowfullscreen></iframe>',NULL),(213,'SB-36-01','Blessing','SB-36-01',1,1000,52,'/media/SB-36-01.jpg',NULL,'','SB-36-01','<div>\r\n	Количество выстрелов: 36</div>\r\n<div>\r\n	Высота разрыва, м: 30</div>\r\n<div>\r\n	Время работы, сек: 38</div>\r\n<div>\r\n	Количество эффектов: 8</div>\r\n<div>\r\n	&nbsp;</div>\r\n','Количество выстрелов: 36\r\nВысота разрыва, м: 30\r\nВремя работы, сек: 38\r\nКоличество эффектов: 8\r\n','','Количество выстрелов: 36\r\nВысота разрыва, м: 30\r\nВремя работы, сек: 38\r\nКоличество эффектов: 8\r\n','Батарея салютов SB-36-01 купить в Минске.',30,38,30,36,100,100,NULL,65,'',0,0,0,0,'https://www.youtube.com/watch?v=dls4LB5QKzE','<iframe width=\"560\" height=\"315\" src=\"https://www.youtube.com/embed/dls4LB5QKzE\" frameborder=\"0\" allow=\"accelerometer; autoplay; encrypted-media; gyroscope; picture-in-picture\" allowfullscreen></iframe>',NULL),(214,'SB-36-02','Ghostly beauty','SB-36-02',1,1000,52,'/media/SB-36-02.jpg',NULL,'','SB-36-02','<div>\r\n	Большая батарея салютов&nbsp; SB36-02 на 36 выстрелов, состоящая из шести разных эффектов. Хризантема с красным пионом, хризантема, хризантема с треском финал шесть выстрелов залпом. Калибр диаметра ствола 30 мм, что позволяет вылететь заряду на высоту до 40 метров. Разрыв в небе достигает 15 метров в радиусе. Время работы изделия 32 секунды.</div>\r\n<div>\r\n	&nbsp;</div>\r\n','Большая батарея салютов  SB36-02 на 36 выстрелов, состоящая из шести разных эффектов.','','Большая батарея салютов  SB36-02 на 36 выстрелов, состоящая из шести разных эффектов.','Батарея салютов  SB-36-02 купить в Минске.',40,32,30,36,100,100,NULL,65,'',0,0,0,0,'https://www.youtube.com/watch?v=i7neOI33C0g','<iframe width=\"560\" height=\"315\" src=\"https://www.youtube.com/embed/i7neOI33C0g\" frameborder=\"0\" allow=\"accelerometer; autoplay; encrypted-media; gyroscope; picture-in-picture\" allowfullscreen></iframe>',NULL),(215,'SB-49-01',' TITANIUM','SB-49-01',1,1400,52,'/media/SB-49-01.jpg',NULL,'','SB-49-01','<div>\r\n	Батарея салютов SB-49-01 TITANIUM. Красно-зеленый пион, белый пион с мерцанием, серебряная хризантема с красными огнями, зелено-пурпурный пион, финал золотые кометы, разрывающиеся 1000 трещащих золотых хризантем. 1Батарея салютов SB-49-01 TITANIUM. 1,2&quot; калибр, 49 выстрелов, 40 м. высота разрыва, 64 сек. время работы, 7 эффектов.</div>\r\n<div>\r\n	&nbsp;</div>\r\n','Батарея салютов SB-49-01 TITANIUM. 1,2\" калибр, 49 выстрелов, 40 м. высота разрыва, 64 сек. время работы, 7 эффектов.','','Батарея салютов SB-49-01 TITANIUM. 1,2\" калибр, 49 выстрелов, 40 м. высота разрыва, 64 сек. время работы, 7 эффектов.','Батарея салютов SB-49-01 купить в Минске',40,64,30,49,140,140,NULL,90,'',0,0,0,0,'https://www.youtube.com/watch?v=tDaB4oSWhaY','<iframe width=\"560\" height=\"315\" src=\"https://www.youtube.com/embed/tDaB4oSWhaY\" frameborder=\"0\" allow=\"accelerometer; autoplay; encrypted-media; gyroscope; picture-in-picture\" allowfullscreen></iframe>',NULL),(216,'SB-100-01',' Metal power','SB-100-01',1,2900,53,'/media/SB-100-01.jpg',NULL,'','SB-100-01','<div>\r\n	Салют Metal power на 100 выстрелов, калибром 1,2&quot; дюйма, с 5 эффектами и длительностью 92 сек.</div>\r\n','Салют Metal power на 100 выстрелов, калибром 1,2\" дюйма, с 5 эффектами и длительностью 92 сек.\r\n','','Салют Metal power на 100 выстрелов, калибром 1,2\" дюйма, с 5 эффектами и длительностью 92 сек.','Батарея салютов SB-100-01 купить в Минске.',40,92,30,100,290,290,NULL,203,'',0,0,0,0,'https://www.youtube.com/watch?v=uigVpMSp9es','<iframe width=\"560\" height=\"315\" src=\"https://www.youtube.com/embed/uigVpMSp9es\" frameborder=\"0\" allow=\"accelerometer; autoplay; encrypted-media; gyroscope; picture-in-picture\" allowfullscreen></iframe>',NULL),(217,'SB-120-01','Prehistoric al power','SB-120-01',1,3400,53,'/media/SB-120-01.jpg',NULL,'','SB-120-01','<div>\r\n	Фейерверк, салют Prehistoric al power на 120 залпов, калибром 1,2 дюйма, с 7 различными эффектами, продолжительность 99 сек.</div>\r\n','Фейерверк, салют Prehistoric al power на 120 залпов, калибром 1,2 дюйма, с 7 различными эффектами, продолжительность 99 сек.\r\n','Фейерверк, салют Prehistoric al power на 120 залпов, калибром 1,2 дюйма, с 7 различными эффектами, продолжительность 99 сек.','','Батарея салютов SB-120-01 купить в Минске',40,99,30,120,340,340,NULL,238,'',0,0,0,0,'https://www.youtube.com/watch?v=deszjT1Brmk','<iframe width=\"560\" height=\"315\" src=\"https://www.youtube.com/embed/deszjT1Brmk\" frameborder=\"0\" allow=\"accelerometer; autoplay; encrypted-media; gyroscope; picture-in-picture\" allowfullscreen></iframe>',NULL),(218,'WP2538','TORNADO','WP2538',1,550,52,'/media/WP2538.jpg',NULL,'','WP2538','<div>\r\n	Батарея салютов WP2538, TORNADO Золотой фонтан с треском, бело-красный пульсирующий пион, бело-фиолетовый пион, золотая пальма в белых пульсирующих огнях, золотая трещащая пальма 1,2 калибр 19 выстрелов 40 м. высота разрыва 61 сек. время работы 5 эффектов</div>\r\n<div>\r\n	&nbsp;</div>\r\n','Батарея салютов WP2538, TORNADO Золотой фонтан с треском, бело-красный пульсирующий пион, бело-фиолетовый пион','','Батарея салютов WP2538, TORNADO Золотой фонтан с треском, бело-красный пульсирующий пион, бело-фиолетовый пион','Батарея салютов WP2538 купить в Минске.',40,61,30,19,55,55,NULL,38,'',0,0,0,0,'https://www.youtube.com/watch?v=iV_BETA1-So','<iframe width=\"560\" height=\"315\" src=\"https://www.youtube.com/embed/iV_BETA1-So\" frameborder=\"0\" allow=\"accelerometer; autoplay; encrypted-media; gyroscope; picture-in-picture\" allowfullscreen></iframe>',NULL),(219,'GP499','FIREWORKS WORLD','GP499',1,380,52,'/media/GP499.jpg',NULL,'','GP499','<div>\r\n	Батарея салютов GP499, FIREWORKS WORLD Золотая пальма в белых пульсирующих огнях, золотая хризантема с белыми пульсирующими огнями, зеленый мерцающий пион, золотая трещащая пальма 1,2 калибр 19 выстрелов 40 м. высота разрыва 45 сек. время работы 4 эффекта</div>\r\n<div>\r\n	&nbsp;</div>\r\n','Батарея салютов GP499, FIREWORKS WORLD Золотая пальма в белых пульсирующих огнях, золотая хризантема с белыми пульсирующими огнями','','Батарея салютов GP499, FIREWORKS WORLD Золотая пальма в белых пульсирующих огнях, золотая хризантема с белыми пульсирующими огнями','Батарея салютов GP499 купить в Минске.',40,45,30,19,55,55,NULL,38,'',0,0,0,0,'https://www.youtube.com/watch?v=ohgeg0Eizks','<iframe width=\"560\" height=\"315\" src=\"https://www.youtube.com/embed/ohgeg0Eizks\" frameborder=\"0\" allow=\"accelerometer; autoplay; encrypted-media; gyroscope; picture-in-picture\" allowfullscreen></iframe>',NULL),(220,'GP512','SHOW TIME','GP512',1,550,52,'/media/GP512.jpg',NULL,'','GP512','<div>\r\n	Батарея салютов GP512, SHOW TIME Два уровня. Нижний уровень - букеты из золотых комет. Верхний уровень - белые, зеленые, фиолетовые, красные пионы. Финал - залпы золотых хризантем 1,2 калибр 19 выстрелов 40 м. высота разрыва 32 сек. время работы 5 эффектов</div>\r\n<div>\r\n	&nbsp;</div>\r\n','Батарея салютов GP512, SHOW TIME Два уровня. Нижний уровень - букеты из золотых комет. Верхний уровень - белые, зеленые, фиолетовые, красные пионы.','','Батарея салютов GP512, SHOW TIME Два уровня. Нижний уровень - букеты из золотых комет. Верхний уровень - белые, зеленые, фиолетовые, красные пионы.','Батарея салютов GP512 купить в Минске.',40,32,30,19,55,55,NULL,38,'',0,0,0,0,'https://www.youtube.com/watch?v=HawMAYvOEU0','<iframe width=\"560\" height=\"315\" src=\"https://www.youtube.com/embed/HawMAYvOEU0\" frameborder=\"0\" allow=\"accelerometer; autoplay; encrypted-media; gyroscope; picture-in-picture\" allowfullscreen></iframe>',NULL),(221,'GWM5020',' STENE','GWM5020',1,550,52,'/media/GWM5020.jpg',NULL,'','GWM5020','<div>\r\n	Батарея салютов GWM5020, STENE, Золотая хризантема с белыми пульсирующими огнями, красная хризантема с треском, золотая хризантема со стробами, финал 1000 трещащих хризантем 1,2 калибр 19 выстрелов 40 м. высота разрыва 43 сек. время работы 4 эффекта</div>\r\n<div>\r\n	&nbsp;</div>\r\n','Батарея салютов GWM5020 STENE - 1,2\" калибр, 19 выстрелов, 40 м. высота разрыва, 43 сек. время работы, 4 эффекта.','','Батарея салютов GWM5020 STENE - 1,2\" калибр, 19 выстрелов, 40 м. высота разрыва, 43 сек. время работы, 4 эффекта.','Батарея салютов GWM5020 купить в Минске',40,43,30,19,55,55,NULL,38,'',0,0,0,0,'https://www.youtube.com/watch?v=etoPcOqs7QU','<iframe width=\"560\" height=\"315\" src=\"https://www.youtube.com/embed/etoPcOqs7QU\" frameborder=\"0\" allow=\"accelerometer; autoplay; encrypted-media; gyroscope; picture-in-picture\" allowfullscreen></iframe>',NULL),(222,'GWM5021','STENE','GWM5021',1,550,52,'/media/GWM5021.jpg',NULL,'','GWM5021','<div>\r\n	Батарея салютов GWM5021, STENE Золотые хризантемы в красных, зеленых, розовых огнях, финал залпы золотых хризантем с белым мерцанием 1,2 калибр 19 выстрелов 40 м. высота разрыва 45 сек. время работы 4 эффекта</div>\r\n<div>\r\n	&nbsp;</div>\r\n','Батарея салютов GWM5021, STENE Золотые хризантемы в красных, зеленых, розовых огнях, финал залпы золотых хризантем с белым мерцанием 1,2 калибр 19 выстрелов 40 м. высота разрыва 45 сек. время работы 4 эффекта\r\n','','Батарея салютов GWM5021, STENE Золотые хризантемы в красных, зеленых, розовых огнях, финал залпы золотых хризантем с белым мерцанием 1,2 калибр 19 выстрелов 40 м. высота разрыва 45 сек. время работы 4 эффекта\r\n','Батарея салютов GWM5021 купить в Минске.',40,45,30,19,55,55,NULL,38,'',0,0,0,0,'https://www.youtube.com/watch?v=gDbzt9YDsBo','<iframe width=\"560\" height=\"315\" src=\"https://www.youtube.com/embed/gDbzt9YDsBo\" frameborder=\"0\" allow=\"accelerometer; autoplay; encrypted-media; gyroscope; picture-in-picture\" allowfullscreen></iframe>',NULL),(223,'GWM5028',' DEEP GREEN','GWM5028',1,550,52,'/media/GWM5028.jpg',NULL,'','GWM5028','<div>\r\n	Батарея салютов GWM5028, DEEP GREEN, Золотая пальма в белых огнях, трещащая пальма в разноцветных огнях, 1000 золотых трещащих хризантем 1,2 калибр 19 выстрелов 40 м. высота разрыва 36 сек. время работы 4 эффекта</div>\r\n<div>\r\n	&nbsp;</div>\r\n','Батарея салютов GWM5028 DEEP GREEN - 1,2\" калибр, 19 выстрелов, 40 м. высота разрыва, 36 сек. время работы, 4 эффекта.\r\n','','Батарея салютов GWM5028 DEEP GREEN - 1,2\" калибр, 19 выстрелов, 40 м. высота разрыва, 36 сек. время работы, 4 эффекта.\r\n\r\n','Батарея салютов GWM5028 купить в Минске.',40,36,30,19,55,55,NULL,38,'',0,0,0,0,'https://www.youtube.com/watch?v=rOO-3ESav10','<iframe width=\"560\" height=\"315\" src=\"https://www.youtube.com/embed/rOO-3ESav10\" frameborder=\"0\" allow=\"accelerometer; autoplay; encrypted-media; gyroscope; picture-in-picture\" allowfullscreen></iframe>',NULL),(224,'GWM5016','City light','GWM5016',1,500,51,'/media/GWM5016.jpg',NULL,'','GWM5016','<div>\r\n	Большая батарея салютов на 19 выстрелов состоящая из пяти разных эффектов + фонтан! Калибр 30 мм, высота до 40 метров. Разрыв 15 метров в радиусе.</div>\r\n<div>\r\n	&nbsp;</div>\r\n','Большая батарея салютов на 19 выстрелов состоящая из пяти разных эффектов + фонтан! Калибр 30 мм, высота до 40 метров. Разрыв 15 метров в радиусе.\r\n','','Большая батарея салютов на 19 выстрелов состоящая из пяти разных эффектов + фонтан! Калибр 30 мм, высота до 40 метров. Разрыв 15 метров в радиусе.\r\n','Батарея салютов GWM5016 купить в Минске.',50,30,30,19,50,50,NULL,35,'',0,0,0,0,'https://www.youtube.com/watch?v=8-kUlcogksE','<iframe width=\"560\" height=\"315\" src=\"https://www.youtube.com/embed/8-kUlcogksE\" frameborder=\"0\" allow=\"accelerometer; autoplay; encrypted-media; gyroscope; picture-in-picture\" allowfullscreen></iframe>',NULL),(225,'GWM5032','STAR SPANGLED','GWM5032',1,500,51,'/media/GWM5032.jpg',NULL,'','GWM5032','<div>\r\n	Батарея салютов 19 выстрелов 40 м. высота разрыва, 43 сек. время работы, 4 эффекта. Пальма в зеленых огнях, пальма с треском, красная пальма с белым и зеленым мерцанием.</div>\r\n<div>\r\n	&nbsp;</div>\r\n','Батарея салютов 19 выстрелов 40 м. высота разрыва, 43 сек. время работы, 4 эффекта. Пальма в зеленых огнях, пальма с треском, красная пальма с белым и зеленым мерцанием.\r\n','','Батарея салютов 19 выстрелов 40 м. высота разрыва, 43 сек. время работы, 4 эффекта. Пальма в зеленых огнях, пальма с треском, красная пальма с белым и зеленым мерцанием.\r\n','Батарея салютов GWM5032 STAR SPANGLED купить в Минске.',40,43,30,19,50,50,NULL,35,'',0,0,0,0,'https://www.youtube.com/watch?v=wgkstHrzLSo','<iframe width=\"560\" height=\"315\" src=\"https://www.youtube.com/embed/wgkstHrzLSo\" frameborder=\"0\" allow=\"accelerometer; autoplay; encrypted-media; gyroscope; picture-in-picture\" allowfullscreen></iframe>',NULL),(226,'GWM5034','Wonderful World','GWM5034',1,550,52,'/media/GWM5034.jpg',NULL,'','GWM5034','<div>\r\n	19 выстр. 5 эффектов + 3 веерных залпа!</div>\r\n<div>\r\n	&nbsp;</div>\r\n','19 выстр. 5 эффектов + 3 веерных залпа!\r\n','','19 выстр. 5 эффектов + 3 веерных залпа!\r\n','Батарея салютов GWM5034 купить в Минске.',40,30,30,19,55,55,NULL,38,'',0,0,0,0,'https://www.youtube.com/watch?v=PxAiwkVzFf0','<iframe width=\"560\" height=\"315\" src=\"https://www.youtube.com/embed/PxAiwkVzFf0\" frameborder=\"0\" allow=\"accelerometer; autoplay; encrypted-media; gyroscope; picture-in-picture\" allowfullscreen></iframe>',NULL),(227,'MC098','SPEED FIREWORKS','MC098',1,750,52,'/media/MC098.jpg',NULL,'','MC098','<div>\r\n	Батарея салютов MC098, SPEED FIREWORKS, 1,2&quot;/25 залпов 1,2 калибр 25 выстрелов 40 м. высота разрыва 44 сек. время работы 4 эффекта</div>\r\n<div>\r\n	&nbsp;</div>\r\n','Батарея салютов MC098, SPEED FIREWORKS, 1,2\"/25 залпов 1,2 калибр 25 выстрелов 40 м. высота разрыва 44 сек. время работы 4 эффекта\r\n','','Батарея салютов MC098, SPEED FIREWORKS, 1,2\"/25 залпов 1,2 калибр 25 выстрелов 40 м. высота разрыва 44 сек. время работы 4 эффекта\r\n','Батарея салютов MC098 купить в Минске',40,44,30,25,75,75,NULL,52,'',0,0,0,0,'https://www.youtube.com/watch?v=J06w9QzLz_8','<iframe width=\"560\" height=\"315\" src=\"https://www.youtube.com/embed/J06w9QzLz_8\" frameborder=\"0\" allow=\"accelerometer; autoplay; encrypted-media; gyroscope; picture-in-picture\" allowfullscreen></iframe>',NULL),(228,'MC099','SPEED FIREWORKS 2','MC099',1,750,52,'/media/MC099.jpg',NULL,'','MC099','<div>\r\n	Батарея салютов MC099 , SPEED FIREWORKS, 1,2&quot;/25 залпов 1,2 калибр 25 выстрелов 40 м. высота разрыва 46 сек. время работы 3 эффекта&nbsp;</div>\r\n<div>\r\n	&nbsp;</div>\r\n','Батарея салютов MC099 , SPEED FIREWORKS, 1,2\"/25 залпов 1,2 калибр 25 выстрелов 40 м. высота разрыва 46 сек. время работы 3 эффекта \r\n','Батарея салютов MC099 , SPEED FIREWORKS, 1,2\"/25 залпов 1,2 калибр 25 выстрелов 40 м. высота разрыва 46 сек. время работы 3 эффекта \r\n','','Батарея салютов MC099 купить в Минске',40,46,30,25,75,75,NULL,52,'',0,0,0,0,'https://www.youtube.com/watch?v=TeaSeCnCLYQ','<iframe width=\"560\" height=\"315\" src=\"https://www.youtube.com/embed/TeaSeCnCLYQ\" frameborder=\"0\" allow=\"accelerometer; autoplay; encrypted-media; gyroscope; picture-in-picture\" allowfullscreen></iframe>',NULL),(229,'MC100',' HEART BEATS','MC100',1,750,52,'/media/MC100.jpg',NULL,'','MC100','<div>\r\n	Батарея салютов MC100, HEART BEATS, 1,2&quot;/25 залпов 1,2 калибр 25 выстрелов 40 м. высота разрыва 43 сек. время работы 4 эффекта</div>\r\n<div>\r\n	&nbsp;</div>\r\n','Батарея салютов MC100, HEART BEATS, 1,2\"/25 залпов 1,2 калибр 25 выстрелов 40 м. высота разрыва 43 сек. время работы 4 эффекта\r\n','','Батарея салютов MC100, HEART BEATS, 1,2\"/25 залпов 1,2 калибр 25 выстрелов 40 м. высота разрыва 43 сек. время работы 4 эффекта\r\n','Батарея салютов MC100 купить в Минске',40,43,30,25,75,75,NULL,52,'',0,0,0,0,'https://www.youtube.com/watch?v=yMaYrKp9a5M','<iframe width=\"560\" height=\"315\" src=\"https://www.youtube.com/embed/yMaYrKp9a5M\" frameborder=\"0\" allow=\"accelerometer; autoplay; encrypted-media; gyroscope; picture-in-picture\" allowfullscreen></iframe>',NULL),(230,'MC101','BEUTIFUL NIGHT','MC101',1,750,52,'/media/MC101.jpg',NULL,'','MC101','<div>\r\n	Батарея салютов MC101, BEUTIFUL NIGHT, 1,2&quot;/25 залпов 1,2 калибр 25 выстрелов 40 м. высота разрыва 44 сек. время работы 4 эффекта</div>\r\n<div>\r\n	&nbsp;</div>\r\n','Батарея салютов MC101, BEUTIFUL NIGHT, 1,2\"/25 залпов 1,2 калибр 25 выстрелов 40 м. высота разрыва 44 сек. время работы 4 эффекта\r\n','','Батарея салютов MC101, BEUTIFUL NIGHT, 1,2\"/25 залпов 1,2 калибр 25 выстрелов 40 м. высота разрыва 44 сек. время работы 4 эффекта\r\n','Батарея салютов MC101 купить в Минске',40,44,30,25,75,75,NULL,52,'',0,0,0,0,'https://www.youtube.com/watch?v=gs-_cBzixFI','<iframe width=\"560\" height=\"315\" src=\"https://www.youtube.com/embed/gs-_cBzixFI\" frameborder=\"0\" allow=\"accelerometer; autoplay; encrypted-media; gyroscope; picture-in-picture\" allowfullscreen></iframe>',NULL),(231,'GWM6251','DEAD END','GWM6251',1,750,52,'/media/GWM6251.jpg',NULL,'','GWM6251','<div>\r\n	Батарея салютов GWM6251, DEAD END, 1,2&quot;/25 залпов 1,2 калибр 25 выстрелов 40 м. высота разрыва 46 сек. время работы 3 эффекта</div>\r\n<div>\r\n	&nbsp;</div>\r\n','Батарея салютов GWM6251, DEAD END, 1,2\"/25 залпов 1,2 калибр 25 выстрелов 40 м. высота разрыва 46 сек. время работы 3 эффекта\r\n','','Батарея салютов GWM6251, DEAD END, 1,2\"/25 залпов 1,2 калибр 25 выстрелов 40 м. высота разрыва 46 сек. время работы 3 эффекта\r\n','Фейерверк GWM6251 купить в Минске',40,46,30,25,75,75,NULL,52,'',0,0,0,0,'https://www.youtube.com/watch?v=N6kAw86j0VE','<iframe width=\"560\" height=\"315\" src=\"https://www.youtube.com/embed/N6kAw86j0VE\" frameborder=\"0\" allow=\"accelerometer; autoplay; encrypted-media; gyroscope; picture-in-picture\" allowfullscreen></iframe>',NULL),(232,'GWM6360','Golden leaves','GWM6360',1,1000,52,'/media/GWM6360.jpg',NULL,'','GWM6360','<div>\r\n	1,2 калибр 36 выстрелов 40 м. высота разрыва 43 сек. время работы 6 эффектов</div>\r\n<div>\r\n	&nbsp;</div>\r\n','1,2 калибр 36 выстрелов 40 м. высота разрыва 43 сек. время работы 6 эффектов\r\n','','1,2 калибр 36 выстрелов 40 м. высота разрыва 43 сек. время работы 6 эффектов\r\n','Батарея салютов GWM6360 купить в Минске.',40,43,30,36,100,100,NULL,70,'',0,0,0,0,'https://www.youtube.com/watch?v=h1-PHXzSAHM','<iframe width=\"560\" height=\"315\" src=\"https://www.youtube.com/embed/h1-PHXzSAHM\" frameborder=\"0\" allow=\"accelerometer; autoplay; encrypted-media; gyroscope; picture-in-picture\" allowfullscreen></iframe>',NULL),(233,'GWM6361','Wonderful time','GWM6361',1,1000,52,'/media/GWM6361.jpg',NULL,'','GWM6361','<div>\r\n	Фейерверк салют Wonderful time на 36 залпов, калибром 1,2&quot; дюйма, с 6 различными эффектами, продолжительность 46 секунд.</div>\r\n','Фейерверк салют Wonderful time на 36 залпов, калибром 1,2\" дюйма, с 6 различными эффектами, продолжительность 46 секунд.','','Фейерверк салют Wonderful time на 36 залпов, калибром 1,2\" дюйма, с 6 различными эффектами, продолжительность 46 секунд.\r\n','Батарея салютов GWM6361 купить в Минске',40,46,30,36,100,100,NULL,70,'',0,0,0,0,'https://www.youtube.com/watch?v=psuprq6fkQI','<iframe width=\"560\" height=\"315\" src=\"https://www.youtube.com/embed/psuprq6fkQI\" frameborder=\"0\" allow=\"accelerometer; autoplay; encrypted-media; gyroscope; picture-in-picture\" allowfullscreen></iframe>',NULL),(234,'GP513','BRIGHT STORM','GP513',1,1400,52,'/media/GP513.jpg',NULL,'','GP513','<div>\r\n	Батарея салютов GP513 BRIGHT STORM - 40 залпов, 1,2&quot; калибр, 40 выстрелов, 40 м. высота разрыва, 45 сек. время работы, 6 эффектов.</div>\r\n<div>\r\n	&nbsp;</div>\r\n','Батарея салютов GP513 BRIGHT STORM - 40 залпов, 1,2\" калибр, 40 выстрелов, 40 м. высота разрыва, 45 сек. время работы, 6 эффектов.\r\n','','Батарея салютов GP513 BRIGHT STORM - 40 залпов, 1,2\" калибр, 40 выстрелов, 40 м. высота разрыва, 45 сек. время работы, 6 эффектов.\r\n','Батарея салютов GP513 купить в Минске',40,45,30,40,140,140,NULL,98,'',0,0,0,0,'https://www.youtube.com/watch?v=c6-3ceTtbLw','<iframe width=\"560\" height=\"315\" src=\"https://www.youtube.com/embed/c6-3ceTtbLw\" frameborder=\"0\" allow=\"accelerometer; autoplay; encrypted-media; gyroscope; picture-in-picture\" allowfullscreen></iframe>',NULL),(235,'GWM5036','Trailer','GWM5036',0,1400,50,'/media/GWM 5036.jpg',NULL,'','GWM5036','<div>\r\n	Салют, фейерверк Trailer на 49 выстрелов, калибром 1,2&quot; дюйм(а), с 6 эффектами и длительностью 54 сек.</div>\r\n<div>\r\n	&nbsp;</div>\r\n','Салют, фейерверк Trailer на 49 выстрелов, калибром 1,2\" дюйм(а), с 6 эффектами и длительностью 54 сек.\r\n','','Салют, фейерверк Trailer на 49 выстрелов, калибром 1,2\" дюйм(а), с 6 эффектами и длительностью 54 сек.\r\n','Батарея салютов GWM 5036 купить в Минске.',NULL,54,1,49,140,140,NULL,98,'',0,0,0,0,'https://youtu.be/nuEeae-gYLc','<iframe width=\"560\" height=\"315\" src=\"https://www.youtube.com/embed/nuEeae-gYLc\" frameborder=\"0\" allow=\"accelerometer; autoplay; encrypted-media; gyroscope; picture-in-picture\" allowfullscreen></iframe>',NULL),(236,'GWM5037','FIREWORKS SHOW','GWM5037',1,1400,52,'/media/GWM 5037.jpg',NULL,'','GWM5037','<div>\r\n	Большая батарея салютов FIREWORKS SHOW GWM5037 на 49 выстрелов, состоящая из шести разных эффектов. Калибр диаметра ствола 30 мм, что позволяет вылететь заряду на высоту до 40 метров. Разрыв в небе достигает 15 метров в радиусе. Время работы изделия 44 секунды.</div>\r\n<div>\r\n	&nbsp;</div>\r\n','Большая батарея салютов FIREWORKS SHOW GWM5037 на 49 выстрелов, состоящая из шести разных эффектов. ','','Большая батарея салютов FIREWORKS SHOW GWM5037 на 49 выстрелов, состоящая из шести разных эффектов. ','Батарея салютов GWM 5037 купить в Минске',40,44,30,49,140,140,NULL,98,'',0,0,0,0,'https://www.youtube.com/watch?v=Fuz0HBXSkW4','<iframe width=\"560\" height=\"315\" src=\"https://www.youtube.com/embed/Fuz0HBXSkW4\" frameborder=\"0\" allow=\"accelerometer; autoplay; encrypted-media; gyroscope; picture-in-picture\" allowfullscreen></iframe>',NULL),(237,'GWM5038','MAKE ME SPEAK NOW','GWM5038',1,1400,52,'/media/GWM 5038.jpg',NULL,'','GWM5038','<div>\r\n	Большая батарея салютов MAKE ME SPEAK NOW GWM5036 на 49 выстрелов, состоящая из шести разных эффектов. Хризантема в красном, хризантема в зеленом, далее хризантема в синем, хризантема в красном, зелено-фиолетовый пион, серебряная хризантема в цветном финал семь выстрелов залпом. Калибр диаметра ствола 30 мм, что позволяет вылететь заряду на высоту до 40 метров. Разрыв в небе достигает 15 метров в радиусе. Время работы изделия 55 секунд.</div>\r\n<div>\r\n	&nbsp;</div>\r\n','Большая батарея салютов MAKE ME SPEAK NOW GWM5036 на 49 выстрелов, состоящая из шести разных эффектов.','','Большая батарея салютов MAKE ME SPEAK NOW GWM5036 на 49 выстрелов, состоящая из шести разных эффектов.','Батарея салютов GWM 5038 купить в Минске',40,55,30,49,140,140,NULL,98,'',0,0,0,0,'https://www.youtube.com/watch?v=zw_Y1nKf17E','<iframe width=\"560\" height=\"315\" src=\"https://www.youtube.com/embed/zw_Y1nKf17E\" frameborder=\"0\" allow=\"accelerometer; autoplay; encrypted-media; gyroscope; picture-in-picture\" allowfullscreen></iframe>',NULL),(238,'МС137','MIXING FIREWORKS','МС137',1,1800,52,'/media/137.jpg',NULL,'','МС137','<div>\r\n	Двухуровневая батарея салютов МС137 MIXING FIREWORKS 54 залпа, 1,2&quot;(30 мм.) калибр, 40 м. высота разрыва, 28 секунд время работы, 5 эффектов</div>\r\n','Двухуровневая батарея салютов МС137 MIXING FIREWORKS 54 залпа, 1,2\"(30 мм.) калибр, 40 м. высота разрыва, 28 секунд время работы, 5 эффектов\r\n','','Двухуровневая батарея салютов МС137 MIXING FIREWORKS 54 залпа, 1,2\"(30 мм.) калибр, 40 м. высота разрыва, 28 секунд время работы, 5 эффектов\r\n','Батарея салютов МС137 MIXING FIREWORKS купить в Минске',40,28,30,54,180,180,NULL,126,'',0,0,0,0,'https://www.youtube.com/watch?v=F-bi_eeyudU','<iframe width=\"560\" height=\"315\" src=\"https://www.youtube.com/embed/F-bi_eeyudU\" frameborder=\"0\" allow=\"accelerometer; autoplay; encrypted-media; gyroscope; picture-in-picture\" allowfullscreen></iframe>',NULL),(239,'GWM6101',' SKY DANCING ','GWM6101',1,2900,53,'/media/GWM6101.jpg',NULL,'','GWM6101','<div>\r\n	Батарея салютов GWM6101, SKY DANCING Золотые хризантемы, пальмы в разноцветных пульсирующих огнях, красно-зеленые пионы с трещащими пальмами в центре, трещащие кометы, разрывающиеся сферами из 1000 золотых хризантем, финал 1000 золотых трещащих хризантем 30 мм калибр, 100 выстрелов, 40 м. высота разрыва, 80 сек. время работы, 5 эффектов.</div>\r\n<div>\r\n	&nbsp;</div>\r\n','Батарея салютов GWM6101 SKY DANCING. Золотые хризантемы, пальмы в разноцветных пульсирующих огнях, красно-зеленые пионы с трещащими пальмами в центре...','','Батарея салютов GWM6101 SKY DANCING. Золотые хризантемы, пальмы в разноцветных пульсирующих огнях, красно-зеленые пионы с трещащими пальмами в центре','Батарея салютов GWM6101 купить в Минске.',40,80,30,100,290,290,NULL,203,'',0,0,0,0,'https://www.youtube.com/watch?v=HPU8bioa4Oc','<iframe width=\"560\" height=\"315\" src=\"https://www.youtube.com/embed/HPU8bioa4Oc\" frameborder=\"0\" allow=\"accelerometer; autoplay; encrypted-media; gyroscope; picture-in-picture\" allowfullscreen></iframe>',NULL),(240,'GWM6103','SKY DANCING 2','GWM6103',1,2900,53,'/media/GWM6103.jpg',NULL,'','GWM6103','<div>\r\n	Батарея салютов GWM6103, SKY DANCING Серебряная пальма с зелеными огнями, разноцветный пион, переходящий в трещащие хризантемы, разноцветный пион с кокосовым пестиком в центре, золотая пульсирующая хризантема, красные огни с переходом в 1000 хризантем, финал кометы, раскрывающиеся красными огнями с переходом в трещащие хризантемы. 1,2&quot; калибр, 100 выстрелов, 40 м. высота разрыва, 80 сек. время работы, 5 эффектов.&nbsp;</div>\r\n<div>\r\n	&nbsp;</div>\r\n','Батарея салютов GWM6103 SKY DANCING. Серебряная пальма с зелеными огнями, разноцветный пион, переходящий в трещащие хризантемы, разноцветный пион с кокосовым пестиком в центре','Батарея салютов GWM6103 SKY DANCING купить в Минске. Серебряная пальма с зелеными огнями, разноцветный пион, переходящий в трещащие хризантемы, разноцветный пион с кокосовым пестиком в центре','','Батарея салютов GWM6103 купить в Минске.',40,80,30,100,290,290,NULL,209,'',0,0,0,0,'https://www.youtube.com/watch?v=vdmAWYPA2js','<iframe width=\"560\" height=\"315\" src=\"https://www.youtube.com/embed/vdmAWYPA2js\" frameborder=\"0\" allow=\"accelerometer; autoplay; encrypted-media; gyroscope; picture-in-picture\" allowfullscreen></iframe>',NULL),(241,'GWM6121','COLOURED WORLD','GWM6121',1,3400,53,'/media/GWM6121.jpg',NULL,'','GWM6121','<div>\r\n	Батарея салютов GWM6121 COLOURED WORLD. Фиолетово-зеленые пионы, красно-зеленые пионы с треском, пальмы в белых пульсирующих огнях, красная хризантема с переходом в трещащие огни, серебряная пальма с фиолетовым пестиком, золотые трещащие пальмы, зелено-фоилетовый пион с переходом в трещащие огни, финал кометы разрывающиеся 1000 золотых трещащих хризантем. 1,2&quot; калибр, 120 выстрелов, 40 м. высота разрыва, 115 сек. время работы, 6 эффектов.</div>\r\n<div>\r\n	&nbsp;</div>\r\n','Батарея салютов GWM6121 COLOURED WORLD. Фиолетово-зеленые пионы, красно-зеленые пионы с треском, пальмы в белых пульсирующих огнях, красная хризантема с переходом в трещащие огни','','Батарея салютов GWM6121 COLOURED WORLD. Фиолетово-зеленые пионы, красно-зеленые пионы с треском, пальмы в белых пульсирующих огнях, красная хризантема с переходом в трещащие огни','Батарея салютов GWM6121 купить в Минске.',40,115,30,120,340,340,NULL,238,'',0,0,0,0,'https://www.youtube.com/watch?v=T0MuqbNQfYE','<iframe width=\"560\" height=\"315\" src=\"https://www.youtube.com/embed/T0MuqbNQfYE\" frameborder=\"0\" allow=\"accelerometer; autoplay; encrypted-media; gyroscope; picture-in-picture\" allowfullscreen></iframe>',NULL),(242,'GWM6122','STAR WARS','GWM6122',1,3400,53,'/media/GWM6122.jpg',NULL,'','GWM6122','<div>\r\n	120 залпов, 7 эффектов. Батарея салютов GWM6122 STAR WARS - пурпурные пионы с переходом в трещащие огни, золотая пальма в красных пульсирующих огнях, серебряные хризантемы, белые пульсирующие пионы, красно-белые пионы, финал золотая парчовая корона.</div>\r\n<div>\r\n	&nbsp;</div>\r\n','120 залпов, 7 эффектов. Батарея салютов GWM6122 STAR WARS - пурпурные пионы с переходом в трещащие огни, золотая пальма в красных пульсирующих огнях','','120 залпов, 7 эффектов. Батарея салютов GWM6122 STAR WARS - пурпурные пионы с переходом в трещащие огни, золотая пальма в красных пульсирующих огнях','Батарея салютов GWM6122 STAR WARS купить в Минске',40,120,30,120,340,340,NULL,238,'',0,0,0,0,'https://www.youtube.com/watch?v=ms3-zpaD6LE','<iframe width=\"560\" height=\"315\" src=\"https://www.youtube.com/embed/ms3-zpaD6LE\" frameborder=\"0\" allow=\"accelerometer; autoplay; encrypted-media; gyroscope; picture-in-picture\" allowfullscreen></iframe>',NULL),(243,'GWM6123','CLASSIC SHOW','GWM6123',1,3400,53,'/media/GWM6123.jpg',NULL,'','GWM6123','<div>\r\n	Батарея салютов GWM6123 CLASSIC SHOW - золотая хризантема с красно-зелеными огнями на концах, серебряная пальма с фиолетовыми огнями, свист, розовый пион с серебряной пальмой в центре, красный пион с переходом в трещащие огни со свистом, фиолетовый пион с переходом в белое мерцание, финал золотые кометы, разрывающиеся серебрными пульсирующими пионами. 1,2&quot; калибр, 120 выстрелов, 40 м. высота разрыва, 98 сек. время работы, 7 эффектов</div>\r\n<div>\r\n	&nbsp;</div>\r\n','Батарея салютов GWM6123 CLASSIC SHOW - золотая хризантема с красно-зелеными огнями на концах, серебряная пальма с фиолетовыми огнями','Батарея салютов GWM6123 CLASSIC SHOW - золотая хризантема с красно-зелеными огнями на концах, серебряная пальма с фиолетовыми огнями','','Батарея салютов  GWM6123 купить в Минске',40,98,30,120,340,340,NULL,238,'',0,0,0,0,'https://www.youtube.com/watch?v=F-zZX46ABMU','<iframe width=\"560\" height=\"315\" src=\"https://www.youtube.com/embed/F-zZX46ABMU\" frameborder=\"0\" allow=\"accelerometer; autoplay; encrypted-media; gyroscope; picture-in-picture\" allowfullscreen></iframe>',NULL),(244,'MC112','TWISTER','MC112',1,3400,53,'/media/MC112.jpg',NULL,'','MC112','<div>\r\n	Разнокалиберная батарея салютов MC112 TWISTER, 0,8&quot;-1&quot;-1,2&quot;калибры, 120 выстрелов, 40 м. высота разрыва, 55 сек. время работы, 12 эффектов</div>\r\n','Разнокалиберная батарея салютов MC112 TWISTER, 0,8\"-1\"-1,2\"калибры, 120 выстрелов, 40 м. высота разрыва, 55 сек. время работы, 12 эффектов\r\n','','Разнокалиберная батарея салютов MC112 TWISTER, 0,8\"-1\"-1,2\"калибры, 120 выстрелов, 40 м. высота разрыва, 55 сек. время работы, 12 эффектов\r\n','Батарея салютов MC112 купить в Минске.',40,55,30,120,340,340,NULL,238,'',0,0,0,0,'https://www.youtube.com/watch?v=aEIjBLS3QIY','<iframe width=\"560\" height=\"315\" src=\"https://www.youtube.com/embed/aEIjBLS3QIY\" frameborder=\"0\" allow=\"accelerometer; autoplay; encrypted-media; gyroscope; picture-in-picture\" allowfullscreen></iframe>',NULL),(245,'GWM6601','Professional effects','GWM6601',1,2100,53,'/media/GWM6601.jpg',NULL,'','GWM6601','<div>\r\n	Многоступенчатый разнокалиберный фейерверк Профессиональные эффекты 1 GWM6601 может поразить вас своей необычайной красотой и разнообразием цветов. Всего в батарее содержится 66 залпов, каждый калибр будет находится на разном уровне и это придает ему особую красоту и уникальность.</div>\r\n<div>\r\n	&nbsp;</div>\r\n','Многоступенчатый разнокалиберный фейерверк Профессиональные эффекты 1 GWM6601 может поразить вас своей необычайной красотой и разнообразием цветов. ','','Многоступенчатый разнокалиберный фейерверк Профессиональные эффекты 1 GWM6601','Батарея салютов GWM6601 купить в Минске',40,80,30,66,210,210,NULL,147,'',0,0,0,0,'https://www.youtube.com/watch?v=KNSFtQvaLfI','<iframe width=\"560\" height=\"315\" src=\"https://www.youtube.com/embed/KNSFtQvaLfI\" frameborder=\"0\" allow=\"accelerometer; autoplay; encrypted-media; gyroscope; picture-in-picture\" allowfullscreen></iframe>',NULL),(246,'GWM6602','Professional Effect ','GWM6602',1,2100,53,'/media/GWM6602.jpg',NULL,'','GWM6602','<div>\r\n	GWM6602 &ndash; Professional Effect &ndash; отличный салют к свадьбе, юбилею, любому вашему значимому торжеству. Множество различных эффектов. Высота от 20 до 50м</div>\r\n<div>\r\n	&nbsp;</div>\r\n','GWM6602 – Professional Effect – отличный салют к свадьбе, юбилею, любому вашему значимому торжеству. Множество различных эффектов. Высота от 20 до 50м\r\n','','GWM6602 – Professional Effect – отличный салют к свадьбе, юбилею, любому вашему значимому торжеству. Множество различных эффектов. Высота от 20 до 50м\r\n','Батарея салютов GWM6602 купить в Минске.',50,100,30,66,210,210,NULL,147,'',0,0,0,0,'https://www.youtube.com/watch?v=zBQ_zXf2fXE','<iframe width=\"560\" height=\"315\" src=\"https://www.youtube.com/embed/zBQ_zXf2fXE\" frameborder=\"0\" allow=\"accelerometer; autoplay; encrypted-media; gyroscope; picture-in-picture\" allowfullscreen></iframe>',NULL),(247,'GWM6603','THE PHANTON','GWM6603',0,2100,50,'/media/GWM6603.jpg',NULL,'','GWM6603','<div>\r\n	Батарея салютов GWM6603, THE PHANTON, Разноцветные пионы с переходом в трещащие хризантемы, красно-зеленые и пурпурные хризантемы, разноцветные пионы, разноцветные хризантемы и пионы с переходом в трещащие огни, красные хризантемы с серебряным мерцанием, золотые хризантемы с зеленым меранием 0,8-1-1,2-2 калибр 66 выстрелов 60 м. высота разрыва 91 сек. время работы 11 эффектов</div>\r\n<div>\r\n	&nbsp;</div>\r\n','Батарея салютов GWM6603, THE PHANTON, Разноцветные пионы с переходом в трещащие хризантемы, красно-зеленые и пурпурные хризантемы','','Батарея салютов GWM6603, THE PHANTON, Разноцветные пионы с переходом в трещащие хризантемы, красно-зеленые и пурпурные хризантемы','Батарея салютов GWM6603 купить в Минске.',60,91,NULL,66,210,210,NULL,147,'',0,0,0,0,'https://youtu.be/PgoZJQrmTOQ','<iframe width=\"560\" height=\"315\" src=\"https://www.youtube.com/embed/PgoZJQrmTOQ\" frameborder=\"0\" allow=\"accelerometer; autoplay; encrypted-media; gyroscope; picture-in-picture\" allowfullscreen></iframe>',NULL),(248,'GWM6604',' THE BEST','GWM6604',1,2100,53,'/media/GWM6604.jpg',NULL,'','GWM6604','<div>\r\n	Батарея салютов GWM6604, THE BEST, Разноцветные пионы, разноцветные пальмы в пульсирующих огнях, разноцветные пионы с переходом в трещащие хризантемы, золотые трещащие пальмы в разноцветных огнях, разноцветные пионы с мерцанием, финал залп золотых хризантем 0,8-1-1,2-2 калибр 66 выстрелов 60 м. высота разрыва 71 сек. время работы 10 эффектов</div>\r\n<div>\r\n	&nbsp;</div>\r\n','Батарея салютов GWM6604, THE BEST, Разноцветные пионы, разноцветные пальмы в пульсирующих огнях, разноцветные пионы с переходом в трещащие хризантемы','','Батарея салютов GWM6604, THE BEST, Разноцветные пионы, разноцветные пальмы в пульсирующих огнях, разноцветные пионы с переходом в трещащие хризантемы','Батарея салютов GWM6604 купить в Минске',60,71,30,66,210,210,NULL,147,'',0,0,0,0,'https://www.youtube.com/watch?v=1WMIXDDwgR8','<iframe width=\"560\" height=\"315\" src=\"https://www.youtube.com/embed/1WMIXDDwgR8\" frameborder=\"0\" allow=\"accelerometer; autoplay; encrypted-media; gyroscope; picture-in-picture\" allowfullscreen></iframe>',NULL),(249,'GWM6605',' TOO PERFECT','GWM6605',1,2100,53,'/media/GWM6605.jpg',NULL,'','GWM6605','<div>\r\n	Батареия салютов GWM6605, TOO PERFECT, Разноцветные пионы, золотые хризантемы с переходом в трещащие хризантемы, пушистые пальмы с треском с красным и зеленым мерцанием, золотые хризантемы с переходом в трещащие хризантемы 0,8-1-1,2-1,5 калибр 68 выстрелов 50 м. высота разрыва 91 сек. время работы 8 эффектов</div>\r\n<div>\r\n	&nbsp;</div>\r\n','Батареия салютов GWM6605, TOO PERFECT, Разноцветные пионы, золотые хризантемы с переходом в трещащие хризантемы, пушистые пальмы с треском с красным и зеленым мерцанием','','Батареия салютов GWM6605, TOO PERFECT, Разноцветные пионы, золотые хризантемы с переходом в трещащие хризантемы, пушистые пальмы с треском с красным и зеленым мерцанием','Батарея салютов GWM6605 купить в Минске',50,91,30,68,210,210,NULL,147,'',0,0,0,0,'https://www.youtube.com/watch?v=Kcv-5_pky2I','<iframe width=\"560\" height=\"315\" src=\"https://www.youtube.com/embed/Kcv-5_pky2I\" frameborder=\"0\" allow=\"accelerometer; autoplay; encrypted-media; gyroscope; picture-in-picture\" allowfullscreen></iframe>',NULL),(250,'GWM6606','Beauty in Dream','GWM6606',1,2100,53,'/media/GWM6606.jpg',NULL,'','GWM6606','<div>\r\n	Разнокалиберная батарея салютов на 68 выстрелов, калибр 0,8&quot;-1&rdquo;-1,2&rdquo;-1,5&quot;, 9 эффектов&nbsp; h-230мм.</div>\r\n<div>\r\n	&nbsp;</div>\r\n','Разнокалиберная батарея салютов на 68 выстрелов, калибр 0,8\"-1”-1,2”-1,5\", 9 эффектов  h-230мм.\r\n','','Разнокалиберная батарея салютов на 68 выстрелов, калибр 0,8\"-1”-1,2”-1,5\", 9 эффектов  h-230мм.\r\n','Батарея салютов GWM6606 купить в Минске.',40,30,2,68,210,210,NULL,147,'',0,0,0,0,'https://www.youtube.com/watch?v=Kcv-5_pky2I','<iframe width=\"560\" height=\"315\" src=\"https://www.youtube.com/embed/Kcv-5_pky2I\" frameborder=\"0\" allow=\"accelerometer; autoplay; encrypted-media; gyroscope; picture-in-picture\" allowfullscreen></iframe>',NULL);

/*Table structure for table `site_orders` */

CREATE TABLE `site_orders` (
  `id` int(10) unsigned NOT NULL AUTO_INCREMENT,
  `body` text CHARACTER SET utf8 NOT NULL,
  PRIMARY KEY (`id`)
) ENGINE=MyISAM AUTO_INCREMENT=4323 DEFAULT CHARSET=latin1;

/*Data for the table `site_orders` */

insert  into `site_orders`(`id`,`body`) values (4311,'<html>\n                <head>\n                    <meta http-equiv=\"Content-Type\" content=\"text/html; charset=utf-8\" />\n                </head>\n                <body>\n                <h3>Состав заказа</h3>\n                [136]Shater MC136 1 шт. (77 руб.)<br>Итого: 77 руб.<br><h3>Клиент</h3>Имя: 1<br>Телефон: +375 29 111111111<br>Желаемое время доставки: 1<br>Адрес: 1<br>Город: Минск<br></body></html>'),(4312,'<html>\n                <head>\n                    <meta http-equiv=\"Content-Type\" content=\"text/html; charset=utf-8\" />\n                </head>\n                <body>\n                <h3>Состав заказа</h3>\n                [22]Злой тигр  3 шт. (48 руб.)<br>[20]Ночная жизнь 3 шт. (69 руб.)<br>[2475]Волшебник 15 1 шт. (27 руб.)<br>Итого: 144 руб.<br><h3>Клиент</h3><div>Использован промокод 777</div>Имя: 1<br>Телефон: +375 29 1<br>Комментарий: 1<br>Желаемое время доставки: 1<br>Адрес: 1<br>Город: Минск<br></body></html>'),(4313,'<html>\r\n                <head>\r\n                    <meta http-equiv=\"Content-Type\" content=\"text/html; charset=utf-8\" />\r\n                </head>\r\n                <body>\r\n                <h3>Состав заказа</h3>\r\n                [GP499]FIREWORKS WORLD 1 шт. (38 руб.)<br>[GP508]STRENGTH 1 шт. (147 руб.)<br>[GWM6601]Professional effects 1 шт. (147 руб.)<br>Итого: 332 руб.<br><h3>Клиент</h3><div>Использован промокод 777</div>Имя: Test<br>Телефон: +375 44 5025777<br>Адрес: test<br>Город: Минск<br></body></html>'),(4314,'<html>\r\n                <head>\r\n                    <meta http-equiv=\"Content-Type\" content=\"text/html; charset=utf-8\" />\r\n                </head>\r\n                <body>\r\n                <h3>Состав заказа</h3>\r\n                [GP498]DREAM 1 шт. (20 руб.)<br>Итого: 20 руб.<br><h3>Клиент</h3><div>Использован промокод 555</div>Имя: 3<br>Телефон: +375 29 3<br>Желаемое время доставки: 3<br>Адрес: 3<br>Город: Минск<br></body></html>'),(4315,'<html>\r\n                <head>\r\n                    <meta http-equiv=\"Content-Type\" content=\"text/html; charset=utf-8\" />\r\n                </head>\r\n                <body>\r\n                <h3>Состав заказа</h3>\r\n                [GP499]FIREWORKS WORLD 1 шт. (38 руб.)<br>Итого: 38 руб.<br><h3>Клиент</h3><div>Использован промокод 555</div>Имя: 4<br>Телефон: +375 29 4<br>Желаемое время доставки: 4<br>Адрес: 4<br>Город: Минск<br></body></html>'),(4316,'<html>\r\n                <head>\r\n                    <meta http-equiv=\"Content-Type\" content=\"text/html; charset=utf-8\" />\r\n                </head>\r\n                <body>\r\n                <h3>Состав заказа</h3>\r\n                [GP499]FIREWORKS WORLD 1 шт. (55 руб.)<br>Итого: 55 руб.<br><h3>Клиент</h3>Имя: 1<br>Телефон: +375 29 1<br>Желаемое время доставки: 1<br>Адрес: 1<br>Город: Минск<br></body></html>'),(4317,'<html>\r\n                <head>\r\n                    <meta http-equiv=\"Content-Type\" content=\"text/html; charset=utf-8\" />\r\n                </head>\r\n                <body>\r\n                <h3>Состав заказа</h3>\r\n                [GW218-89]Balet 1 шт. (5 руб.)<br>Итого: 5 руб.<br><h3>Клиент</h3>Имя: dsafsadf<br>Телефон: +375 25 98989898989<br>Желаемое время доставки: 18:20<br>Адрес: sdfsdfa s df sdaf sd fsda f<br>Город: Минск<br></body></html>'),(4318,'<html>\r\n                <head>\r\n                    <meta http-equiv=\"Content-Type\" content=\"text/html; charset=utf-8\" />\r\n                </head>\r\n                <body>\r\n                <h3>Состав заказа</h3>\r\n                [GW218-89]Balet 24 шт. (120 руб.)<br>Итого: 120 руб.<br><h3>Клиент</h3>Имя: dsafsadf<br>Телефон: +375 29 98989898989<br>Желаемое время доставки: 18:20<br>Адрес: sdfsdfa s df sdaf sd fsda f<br>Город: Минск<br></body></html>'),(4319,'<html>\r\n                <head>\r\n                    <meta http-equiv=\"Content-Type\" content=\"text/html; charset=utf-8\" />\r\n                </head>\r\n                <body>\r\n                <h3>Состав заказа</h3>\r\n                [GW218-89]Balet 11 шт. (44 руб.)<br>[GW218-93] COLORFULL WORLD 1 шт. (8 руб.)<br>Итого: 52 руб.<br><h3>Клиент</h3><div>Использован промокод 2019</div>Имя: dsafsadf<br>Телефон: +375 29 98989898989<br>Желаемое время доставки: 18:20<br>Адрес: sdfsdfa s df sdaf sd fsda f<br>Город: Минск<br></body></html>'),(4320,'<html>\r\n                <head>\r\n                    <meta http-equiv=\"Content-Type\" content=\"text/html; charset=utf-8\" />\r\n                </head>\r\n                <body>\r\n                <h3>Состав заказа</h3>\r\n                [0977]Бенгальские огни 16 см  7 шт. (7 руб.)<br>Итого: 7 руб.<br><h3>Клиент</h3><div>Использован промокод 2019</div>Имя: 1<br>Телефон: +375 29 3<br>Желаемое время доставки: 4<br>Адрес: 4<br>Город: Минск<br></body></html>'),(4321,'<html>\r\n                <head>\r\n                    <meta http-equiv=\"Content-Type\" content=\"text/html; charset=utf-8\" />\r\n                </head>\r\n                <body>\r\n                <h3>Состав заказа</h3>\r\n                [GP508]STRENGTH 1 шт. (210 руб.)<br>[GWM6601]Professional effects 1 шт. (210 руб.)<br>Итого: 420 руб.<br><h3>Клиент</h3>Имя: 1<br>Телефон: +375 29 1<br>Комментарий: 1<br>Желаемое время доставки: 1<br>Адрес: 1<br>Город: Минск<br></body></html>'),(4322,'<html>\r\n                <head>\r\n                    <meta http-equiv=\"Content-Type\" content=\"text/html; charset=utf-8\" />\r\n                </head>\r\n                <body>\r\n                <h3>Состав заказа</h3>\r\n                [GP508]STRENGTH 1 шт. (147 руб.)<br>[GW218-89]Balet 3 шт. (10.5 руб.)<br>[GP498]DREAM 2 шт. (40 руб.)<br>[GP475] ANGRY TIGER 1 шт. (21 руб.)<br>Итого: 218.5 руб.<br><h3>Клиент</h3><div>Использован промокод 2019</div>Имя: test<br>Телефон: +375 29 test<br>Комментарий: test<br>Желаемое время доставки: test<br>Адрес: test<br>Город: Минск<br></body></html>');

/*Table structure for table `site_pages` */

CREATE TABLE `site_pages` (
  `id` int(10) unsigned NOT NULL AUTO_INCREMENT,
  `uri` varchar(100) CHARACTER SET utf8 DEFAULT NULL,
  `header` varchar(255) CHARACTER SET utf8 DEFAULT NULL,
  `text` text CHARACTER SET utf8,
  `visible` tinyint(3) unsigned NOT NULL DEFAULT '0',
  `update_time` datetime NOT NULL,
  `order` int(10) unsigned NOT NULL DEFAULT '999',
  `pid` int(10) unsigned NOT NULL,
  `meta_kw` text CHARACTER SET utf8,
  `meta_descr` text CHARACTER SET utf8,
  `html_title` varchar(255) CHARACTER SET utf8 DEFAULT NULL,
  `upper_text` text CHARACTER SET utf8 COMMENT 'текст сверху',
  PRIMARY KEY (`id`),
  UNIQUE KEY `uri` (`uri`),
  KEY `pid_visible_order` (`visible`,`order`,`pid`)
) ENGINE=MyISAM AUTO_INCREMENT=91 DEFAULT CHARSET=latin1;

/*Data for the table `site_pages` */

insert  into `site_pages`(`id`,`uri`,`header`,`text`,`visible`,`update_time`,`order`,`pid`,`meta_kw`,`meta_descr`,`html_title`,`upper_text`) values (66,'index','Главная','',1,'2019-11-29 23:29:34',999,0,'','Магазин фейерверков в Минске piro.by. Предлагаем купить салюты и фейерверки с доставкой по Минску и Беларуси. Низкая цена, сертификаты.','Салют фейерверк купить в Минске - piro.by','<h1>\r\n	Фейерверки и салюты в Минске недорого!</h1>\r\n<p>\r\n	<span style=\"font-size: 14px;\">&nbsp;Праздник нужно закончить ярко, и именно пиротехника позволяет сделать это красиво, громко и весело! Гости будут в восторге от фейерверков, которые Вы купите у нас в магазине! Выбирайте!</span></p>\r\n<ul class=\"content-menu\">\r\n	<li>\r\n		<a href=\"/category/malye\" title=\"МАЛЫЕ САЛЮТЫ\"> <img alt=\"купить в Минске малые батареи салютов\" src=\"/img/1.jpg\" style=\"margin: 5px 0 5px 0\" /> </a></li>\r\n	<li>\r\n		<a href=\"/category/srednie\" title=\"СРЕДНИЕ САЛЮТЫ\"> <img alt=\"купить фейерверк средние батареи салютов\" src=\"/img/2.jpg\" style=\"margin: 5px 0 5px 0\" /> </a></li>\r\n	<li>\r\n		<a href=\"/category/bolshie\" title=\"БОЛЬШИЕ САЛЮТЫ\"> <img alt=\"большие батареи салютов\" src=\"/img/3.jpg\" style=\"margin: 5px 0 5px 0\" /> </a></li>\r\n	<li>\r\n		<a href=\"/category/super\" title=\"СУПЕР САЛЮТЫ\"> <img alt=\"купить в Минске супер фейерверки\" src=\"/img/4.jpg\" style=\"margin: 5px 0 5px 0\" /> </a></li>\r\n	<li>\r\n		<a href=\"/category/fontany\" title=\"ФОНТАНЫ\"> <img alt=\"наземные фейерверки - фонтаны купить в Минске\" src=\"/img/6.jpg\" style=\"margin: 5px 0 5px 0\" /> </a></li>\r\n	<li>\r\n		<a href=\"/category/rakety\" title=\"РАКЕТЫ\"> <img alt=\"фейерверки ракеты купить в Минске\" src=\"/img/7.jpg\" style=\"margin: 5px 0 5px 0\" /></a></li>\r\n        <li>\r\n		<a href=\"/category/fontany\" title=\"РИМСКИЕ СВЕЧИ\"> <img alt=\"римские свечи купить в Минске\" src=\"/img/5.jpg\" style=\"margin: 5px 0 5px 0\" /> </a></li>\r\n	<li>\r\n		<a href=\"/category/rakety\" title=\"ПЕТАРДЫ\"> <img alt=\"петарды купить в Минске\" src=\"/img/8.jpg\" style=\"margin: 5px 0 5px 0\" /></a></li>\r\n</ul>\r\n<div>\r\n	<span style=\"font-size:14px;\">&nbsp;</span></div>\r\n<div>\r\n	<span style=\"font-size:14px;\">Уже стало традицией на праздники покупать салют или фейерверк, мы предлагаем все виды праздничной пиротехники - начиная от <a href=\"/item/MF001\">тортовых свечей</a> и <a href=\"/category/fontany\">фонтанов</a> и заканчивая <a href=\"/category/bolshie\">большими</a> и <a href=\"/category/super\">очень большими</a> батареями салютов! </span></div>\r\n<div>\r\n	<span style=\"font-size:14px;\">&nbsp;Вы обязательно подберёте у нас фейерверк который подойдёт и по цене и по времени работы или количеству залпов - ведь в продаже постоянно присутствует около 100 позиций праздничной пиротехники по цене от 2 белорусских рублей! </span></div>\r\n<div>\r\n	<span style=\"font-size:14px;\">&nbsp;Вся продукция, которая представлена у нас на сайте и в магазине - сертифицирована, качественная, стоит недорого, и самое главное - очень и очень красивая! Вы останетесь довольны! Звоните!</span></div>\r\n'),(90,'skidki','Скидки','<h1>\r\n	Фейерверки со скидкой</h1>\r\n<p>\r\n	<span style=\"font-size:18px;\"><span style=\"color:#ffffff;\"><span style=\"background-color:#ff0000;\">Внимание!</span></span></span></p>\r\n<p>\r\n	<span style=\"font-size:18px;\"><span style=\"color:#ffffff;\"><span style=\"background-color:#ff0000;\">Все цены на фейерверки РЕАЛЬНЫЕ!</span></span></span></p>\r\n<p>\r\n	<span style=\"font-size:18px;\"><span style=\"color:#ffffff;\"><span style=\"background-color:#ff0000;\">Все скидки РЕАЛЬНЫЕ!</span></span></span></p>\r\n<p>\r\n	<span style=\"font-size:18px;\"><span style=\"color:#ffffff;\"><span style=\"background-color:#ff0000;\">Честные цены, честные скидки!</span></span></span></p>\r\n<h1>\r\n	Купить салюты, фейерверки, <a href=\"/category/petardy\">петарды</a> в Минске со скидкой до 25%!</h1>\r\n<p>\r\n	<b style=\"font-family: &quot;times new roman&quot;, times, serif; font-size: 16px;\">Скидки при покупке:</b></p>\r\n<p>\r\n	<span style=\"font-size: 16px;\"><span style=\"font-family: &quot;times new roman&quot;, times, serif;\">от&nbsp;<b>100 рублей&nbsp;</b></span></span><b style=\"font-family: &quot;times new roman&quot;, times, serif; font-size: 16px;\">скидка 5%</b></p>\r\n<p>\r\n	<span style=\"font-size: 16px;\"><span style=\"font-family: &quot;times new roman&quot;, times, serif;\">от&nbsp;<b>200&nbsp;</b></span></span><b style=\"font-family: &quot;times new roman&quot;, times, serif; font-size: 16px;\">рублей&nbsp;</b><span style=\"font-size: 16px;\"><span style=\"font-family: &quot;times new roman&quot;, times, serif;\"><b>&nbsp;</b></span></span><b style=\"font-family: &quot;times new roman&quot;, times, serif; font-size: 16px;\">скидка 10%</b></p>\r\n<p>\r\n	<span style=\"font-size: 16px;\"><span style=\"font-family: &quot;times new roman&quot;, times, serif;\">от&nbsp;<b>500&nbsp;</b></span></span><b style=\"font-family: &quot;times new roman&quot;, times, serif; font-size: 16px;\">рублей&nbsp;</b><span style=\"font-size: 16px;\"><span style=\"font-family: &quot;times new roman&quot;, times, serif;\"><b>&nbsp;</b></span></span><b style=\"font-family: &quot;times new roman&quot;, times, serif; font-size: 16px;\">скидка 15%</b></p>\r\n<p>\r\n	<span style=\"font-size: 16px;\"><span style=\"font-family: &quot;times new roman&quot;, times, serif;\">от&nbsp;<b>1000&nbsp;</b></span></span><b style=\"font-family: &quot;times new roman&quot;, times, serif; font-size: 16px;\">рублей&nbsp;</b><span style=\"font-size: 16px;\"><span style=\"font-family: &quot;times new roman&quot;, times, serif;\"><b>&nbsp;</b></span></span><b style=\"font-family: &quot;times new roman&quot;, times, serif; font-size: 16px;\">скидка 20%</b></p>\r\n<p>\r\n	<span style=\"font-size: 16px;\"><span style=\"font-family: &quot;times new roman&quot;, times, serif;\">от&nbsp;<b>2000&nbsp;</b></span></span><b style=\"font-family: &quot;times new roman&quot;, times, serif; font-size: 16px;\">рублей&nbsp;</b><span style=\"font-size: 16px;\"><span style=\"font-family: &quot;times new roman&quot;, times, serif;\"><b>&nbsp;</b></span></span><b style=\"font-family: &quot;times new roman&quot;, times, serif; font-size: 16px;\">скидка 25%</b></p>\r\n<p>\r\n	<span style=\"font-size: 20px;\"><strong>На акционные товары скидка не распространяется! Будьте внимательны!</strong></span></p>\r\n<p>\r\n	&nbsp;</p>\r\n',1,'2019-12-02 13:06:45',6,66,'','Купить салюты, фейерверки, петарды в Минске со скидкой до 25%!','Фейерверки со скидкой купить в магазине piro.by','<p>\r\n	&nbsp;</p>\r\n<p>\r\n	&nbsp;</p>\r\n<p>\r\n	&nbsp;</p>\r\n'),(71,'pay','Оплата','<div style=\"font-size:13px; padding:20px 20px 20px 20px; line-height:21px;\">\r\n	<p>\r\n		Оплата фейерверков возможна наличными в магазине и по безналичному расчёту.</p>\r\n	<p>\r\n		<span style=\"color: rgb(255, 0, 0);\">Внимание!</span> Мы не продаём пиротехнику через интернет по образцам!</p>\r\n	<p>\r\n		Корзина на сайте служит для предварительного бронирования товаров! Все товары нужно забирть у нас в магазине или воспользоваться нашей помощью по организции доставки вашими собственными силами!</p>\r\n	<p>\r\n		Все вопросы по телефонам! Заказы принимются только по телефонам, без нарушений установленных правил торговли!</p>\r\n</div>\r\n',1,'2019-11-21 02:38:29',0,66,'','Способы оплаты фейерверков в магазине piro.by Наличный и безналичный расчёт.','Способы оплаты в нашем магазине piro.by',''),(72,'delivery','Доставка','<h1>\r\n	Доставка фейерверков салютов пиротехники по Минску и Беларуси.</h1>\r\n<p>\r\n	<strong style=\"font-size: 22px;\">При сумме заказа меньше 30 рублей только самовывоз! <a href=\"/magazin\">Адрес магазина тут.</a></strong></p>\r\n<p>\r\n	<span style=\"font-size:16px;\">По Минску при сумме заказа от&nbsp;<strong>30&nbsp;</strong>бел. руб. мы поможем доставить фейерверки к вам домой или в офис всего за&nbsp;<b>5 рублей!</b></span></p>\r\n<p>\r\n	&nbsp;</p>\r\n<p>\r\n	<span style=\"font-size:16px;\"><strong><span style=\"color: rgb(0, 128, 0);\">Доставка по Беларуси</span>.</strong> Если вы хотите купить фейерверк в Бресте, Могилёве, Гомеле, Гродно, Витебске - обращайтесь к нам! ДОСТАВЛЯЕМ <strong>ПО ВСЕМ ГОРОДАМ БЕЛАРУСИ</strong> ПРИ СУММЕ ЗАКАЗА ОТ<strong> <span style=\"color:#008000;\">200</span></strong> рублей! Стоимость доставки 16 рублей!</span></p>\r\n<p>\r\n	<span style=\"font-size:16px;\">Уточняйте по телефонам магазина!</span></p>\r\n<p>\r\n	&nbsp;</p>\r\n<p>\r\n	<span style=\"font-size:16px;\"><span style=\"color: rgb(255, 0, 0);\">Внимание!</span> Мы не продаём пиротехнику через интернет по образцам!</span></p>\r\n<p>\r\n	<span style=\"font-size:16px;\">Корзина на сайте служит для предварительного бронирования товаров! Все товары нужно забирать у нас в магазине или воспользоваться нашей помощью по организации доставки вашими собственными силами!</span></p>\r\n',1,'2019-12-02 13:46:32',1,66,'','Доставка фейерверков салютов пиротехники по Минску и Беларуси','Доставка фейерверков по Минску и Беларуси ',''),(80,'magazin','О магазине','<h1>\r\n	Адрес магазина</h1>\r\n<p>\r\n	<img alt=\"\" src=\"/media/images/Адрес-магазина.jpg\" style=\"width: 800px; height: 702px;\" /></p>\r\n<p>\r\n	&nbsp;</p>\r\n<h2>\r\n	Сертификаты</h2>\r\n<p>\r\n	<span style=\"font-size:16px;\">Вся продукция представленная в нашем магазине прошла сертификацию в РБ!</span></p>\r\n<p>\r\n	<img alt=\"\" src=\"/media/images/IMG_20191202_103100.jpg\" style=\"width: 800px; height: 1131px;\" /></p>\r\n<p>\r\n	&nbsp;</p>\r\n<p>\r\n	<img alt=\"\" src=\"/media/images/IMG_20191202_103127.jpg\" style=\"width: 800px; height: 1121px;\" /></p>\r\n<p>\r\n	&nbsp;</p>\r\n<p>\r\n	<img alt=\"\" src=\"/media/images/IMG_20191202_103151.jpg\" style=\"width: 800px; height: 1196px;\" /></p>\r\n<p>\r\n	&nbsp;</p>\r\n<p>\r\n	<img alt=\"\" src=\"/media/images/IMG_20191202_103231.jpg\" style=\"width: 800px; height: 1121px;\" /></p>\r\n<p>\r\n	&nbsp;</p>\r\n<p>\r\n	Оказание услуг:&nbsp;<span style=\"font-family: Arial, Helvetica, sans-serif; font-size: small;\">ИП Федотов Д.О. УНП 193070689 Свидетельство выдано Мингорисполкомом 25.04.2018</span></p>\r\n<p>\r\n	&nbsp;</p>\r\n',1,'2019-12-02 13:30:31',4,66,'','','Адрес магазина фейерверков piro.by в Минске ',''),(81,'adres','Адрес магазина ','<p>\r\n	Адрес магазина фейерверков в Минске piro.by</p>\r\n<p>\r\n	Наш магазин фейерверков расположен по адресу г. Минск, ул.</p>\r\n<p>\r\n<!--<p style=\"margin-left: 30px;\">\r\n	<span style=\"font-size:22px;\">Адрес магазина: метро Уручье, ул. Руссиянова 4, через дорогу от макдональдса.</span></p>\r\n<p>\r\n	<span style=\"font-size:20px;\">&nbsp; &nbsp; &nbsp;Телефон магазина +375(29)115-03-40 - Velcom</span></p>\r\n<p>\r\n	<span style=\"font-size:22px;\">&nbsp; &nbsp; &nbsp;Время работы с 11 00 до 20 00</span></p>\r\n<p style=\"margin-left: 30px;\">\r\n	<span style=\"font-size:20px;\">Узнавайте наличие выбраного товара перед тем как ехать!!!</span></p>\r\n<p style=\"margin-left: 30px;\">\r\n	<span style=\"font-size: 16px;\"><img alt=\"\" src=\"/media/images/карта.jpg\" style=\"width: 500px; height: 522px;\" /></span></p>--></p>\r\n',0,'2019-12-02 11:27:57',2,66,'','','Адреса магазинов фейерверков piro.by',''),(83,'swadba','Свадебный салют','<h1>\r\n	Организация и проведение свадебного фейерверка</h1>\r\n',0,'2019-11-21 02:23:16',11,66,'','','Купить в Минске салют фейерверк на свадьбу - piro.by','');

/*!40101 SET SQL_MODE=@OLD_SQL_MODE */;
/*!40014 SET FOREIGN_KEY_CHECKS=@OLD_FOREIGN_KEY_CHECKS */;
/*!40014 SET UNIQUE_CHECKS=@OLD_UNIQUE_CHECKS */;
/*!40111 SET SQL_NOTES=@OLD_SQL_NOTES */;
